ACCIDENT_DATE,ACCIDENT_TIME,ALCOHOLTIME,ACCIDENT_TYPE,DCA_CODE,HIT_RUN_FLAG,LIGHT_CONDITION,POLICE_ATTEND,ROAD_GEOMETRY,SEVERITY,SPEED_ZONE,LONGITUDE,LATITUDE,LGA_NAME,REGION_NAME,TOTAL_PERSONS,INJ_OR_FATAL,FATALITY,SERIOUSINJURY,OTHERINJURY,NONINJURED,MALES,FEMALES,BICYCLIST,PASSENGER,DRIVER,PEDESTRIAN,PILLION,MOTORIST,UNKNOWN,PED_CYCLIST_5_12,PED_CYCLIST_13_18,OLD_PEDESTRIAN,OLD_DRIVER,YOUNG_DRIVER,ALCOHOL_RELATED,UNLICENCSED,NO_OF_VEHICLES,HEAVYVEHICLE,PASSENGERVEHICLE,MOTORCYCLE,PUBLICVEHICLE,DEG_URBAN_NAME
3/07/2010,16.10.00,Yes,Collision with vehicle,RIGHT NEAR (INTERSECTIONS ONLY),No,Day,Yes,T intersection,Serious injury accident,100 km/hr,145.02948,-37.47003,WHITTLESEA,METROPOLITAN NORTH WEST REGION,2,1,0,1,0,1,0,2,0,0,1,0,0,1,0,0,0,0,0,1,No,0,2,0,1,1,0,Country
3/07/2010,16.56.00,Yes,Collision with vehicle,CROSS TRAFFIC(INTERSECTIONS ONLY),No,Day,Yes,Cross intersection,Other injury accident,60 km/hr,144.96692,-37.80074,MELBOURNE,METROPOLITAN NORTH WEST REGION,2,1,0,0,1,1,0,2,0,0,2,0,0,0,0,0,0,0,0,0,No,0,2,0,2,0,0,Metropolitan Excluding CBD
3/07/2010,17.45.00,Yes,Collision with vehicle,RIGHT THROUGH,No,Dark Street lights on,Yes,T intersection,Other injury accident,60 km/hr,144.33559,-38.08978,GEELONG,SOUTH WESTERN REGION,3,2,0,0,2,1,2,1,0,1,2,0,0,0,0,0,0,0,0,0,No,0,2,0,2,0,0,Large Provincial Cities
3/07/2010,18.20.00,Yes,Collision with vehicle,HEAD ON (NOT OVERTAKING),No,Dark No street lights,Yes,Not at intersection,Other injury accident,100 km/hr,145.00472,-37.26078,MITCHELL,NORTHERN REGION,3,1,0,0,1,2,3,0,0,1,2,0,0,0,0,0,0,0,0,1,No,0,2,0,2,0,0,Country
3/07/2010,17.00.00,Yes,Collision with vehicle,REAR END(VEHICLES IN SAME LANE),No,Dusk/Dawn,Yes,Cross intersection,Other injury accident,80 km/hr,145.19512,-38.15071,FRANKSTON,METROPOLITAN SOUTH EAST REGION,7,2,0,0,2,5,4,3,0,5,2,0,0,0,0,0,0,0,0,1,No,0,2,0,2,0,0,Metropolitan Excluding CBD
3/07/2010,13.30.00,No,Collision with vehicle,VEHICLE COLLIDES WITH VEHICLE PARKED ON LEFT OF ROAD,No,Day,Yes,Not at intersection,Fatal accident,70 km/hr,145.00686,-37.92965,BAYSIDE,METROPOLITAN SOUTH EAST REGION,4,2,1,0,1,2,3,1,0,1,1,0,0,2,0,0,0,0,0,0,No,0,4,0,2,2,0,Metropolitan Excluding CBD
3/07/2010,18.35.00,Yes,Collision with a fixed object,RIGHT OFF CARRIAGEWAY INTO OBJECT/PARKED VEHICLE,No,Dark Street lights on,Yes,Not at intersection,Serious injury accident,50 km/hr,145.12161,-38.04795,KINGSTON,METROPOLITAN SOUTH EAST REGION,1,1,0,1,0,0,1,0,0,0,1,0,0,0,0,0,0,0,0,0,Yes,0,1,0,1,0,0,Metropolitan Excluding CBD
3/07/2010,19.15.00,Yes,Collision with a fixed object,REVERSING INTO FIXED OBJECT/PARKED VEHICLE,No,Dark Street lights on,Yes,T intersection,Serious injury accident,50 km/hr,145.10075,-37.73023,BANYULE,METROPOLITAN NORTH WEST REGION,1,1,0,1,0,0,0,1,0,0,1,0,0,0,0,0,0,0,1,0,No,0,1,0,1,0,0,Metropolitan Excluding CBD
3/07/2010,19.41.00,Yes,Collision with vehicle,CROSS TRAFFIC(INTERSECTIONS ONLY),No,Dark Street lights on,Yes,Cross intersection,Other injury accident,60 km/hr,145.28472,-38.11327,CASEY,METROPOLITAN SOUTH EAST REGION,4,1,0,0,1,3,3,1,0,2,2,0,0,0,0,0,0,0,0,1,No,0,2,0,2,0,0,Metropolitan Excluding CBD
3/07/2010,21.10.00,Yes,Struck Pedestrian,PED NEAR SIDE. PED HIT BY VEHICLE FROM THE RIGHT.,No,Dark Street lights on,Yes,T intersection,Serious injury accident,50 km/hr,145.34837,-37.75722,YARRA RANGES,METROPOLITAN SOUTH EAST REGION,2,2,0,1,1,0,2,0,0,0,1,1,0,0,0,0,1,0,0,1,No,0,1,0,1,0,0,Metropolitan Excluding CBD
3/07/2010,23.00.00,Yes,Collision with a fixed object,LEFT OFF CARRIAGEWAY INTO OBJECT/PARKED VEHICLE,No,Dark No street lights,Yes,Not at intersection,Serious injury accident,110 km/hr,144.57646,-37.6916,MELTON,METROPOLITAN NORTH WEST REGION,2,2,0,2,0,0,2,0,0,1,1,0,0,0,0,0,0,0,0,1,No,0,1,0,1,0,0,Small Provincial Cities
3/07/2010,20.30.00,Yes,Collision with a fixed object,OFF RIGHT BEND INTO OBJECT/PARKED VEHICLE,No,Dark No street lights,Yes,Not at intersection,Other injury accident,100 km/hr,141.04183,-37.85576,GLENELG,SOUTH WESTERN REGION,1,1,0,0,1,0,1,0,0,0,1,0,0,0,0,0,0,0,0,0,No,0,1,0,1,0,0,Country
3/07/2010,13.30.00,No,No collision and no object struck,OUT OF CONTROL ON CARRIAGEWAY (ON STRAIGHT),No,Day,No,Not at intersection,Other injury accident,Camping grounds or off road,143.33847,-36.71341,NORTHERN GRAMPIANS,WESTERN REGION,1,1,0,0,1,0,1,0,0,0,0,0,0,1,0,0,0,0,0,0,No,0,1,0,0,1,0,Country
3/07/2010,20.30.00,Yes,Collision with a fixed object,RIGHT OFF CARRIAGEWAY INTO OBJECT/PARKED VEHICLE,No,Dark No street lights,No,Not at intersection,Other injury accident,100 km/hr,145.85271,-38.07969,BAW BAW,EASTERN REGION,2,1,0,0,1,1,1,0,0,1,1,0,0,0,0,0,0,0,0,0,No,0,1,0,1,0,0,Country
3/07/2010,18.30.00,Yes,Collision with vehicle,REAR END(VEHICLES IN SAME LANE),No,Dark Street lights on,No,Not at intersection,Other injury accident,60 km/hr,145.02225,-37.94608,BAYSIDE,METROPOLITAN SOUTH EAST REGION,6,1,0,0,1,5,1,5,0,3,3,0,0,0,0,0,0,0,0,0,No,0,3,0,3,0,0,Metropolitan Excluding CBD
3/07/2010,15.00.00,Yes,Collision with vehicle,RIGHT REAR.,No,Day,No,Cross intersection,Other injury accident,60 km/hr,143.88884,-37.42279,HEPBURN,WESTERN REGION,5,2,0,0,2,3,3,2,0,3,2,0,0,0,0,0,0,0,0,1,No,0,2,0,2,0,0,Other Towns
3/07/2010,15.58.00,No,Vehicle overturned (no collision),OUT OF CONTROL ON CARRIAGEWAY (ON STRAIGHT),No,Day,No,T intersection,Other injury accident,Not known,145.17164,-38.19751,MORNINGTON PENINSULA,METROPOLITAN SOUTH EAST REGION,1,1,0,0,1,0,1,0,0,0,0,0,0,1,0,0,0,0,0,0,No,0,1,0,0,1,0,Metropolitan Excluding CBD
3/07/2010,14.30.00,Yes,Vehicle overturned (no collision),OUT OF CONTROL ON CARRIAGEWAY (ON STRAIGHT),No,Day,No,Not at intersection,Other injury accident,110 km/hr,146.16714,-38.20574,BAW BAW,EASTERN REGION,1,1,0,0,1,0,1,0,0,0,0,0,0,1,0,0,0,0,0,0,No,0,1,0,0,1,0,Other Towns
3/07/2010,09.00.00,No,Vehicle overturned (no collision),OUT OF CONTROL ON CARRIAGEWAY (ON STRAIGHT),No,Day,No,Not at intersection,Other injury accident,50 km/hr,144.72889,-37.59038,HUME,METROPOLITAN NORTH WEST REGION,1,1,0,0,1,0,1,0,0,0,0,0,0,1,0,0,0,0,0,0,No,0,1,0,0,1,0,Small Provincial Cities
4/07/2010,06.50.00,Yes,Collision with vehicle,RIGHT NEAR (INTERSECTIONS ONLY),No,Dark Street lights on,Yes,Multiple intersection,Other injury accident,80 km/hr,144.84962,-37.72537,BRIMBANK,METROPOLITAN NORTH WEST REGION,5,4,0,0,4,1,2,3,0,2,3,0,0,0,0,0,0,0,0,0,No,0,3,0,3,0,0,Metropolitan Excluding CBD
4/07/2010,11.05.00,No,Collision with a fixed object,OFF END OF ROAD/T-INTERSECTION.,No,Day,Yes,T intersection,Serious injury accident,50 km/hr,144.33855,-38.10466,GEELONG,SOUTH WESTERN REGION,1,1,0,1,0,0,0,1,0,0,1,0,0,0,0,0,0,0,0,0,No,0,1,0,1,0,0,Large Provincial Cities
4/07/2010,05.45.00,Yes,Collision with a fixed object,RIGHT OFF CARRIAGEWAY INTO OBJECT/PARKED VEHICLE,No,Dark Street lights on,Yes,Cross intersection,Fatal accident,60 km/hr,144.3339,-38.09849,GEELONG,SOUTH WESTERN REGION,1,1,1,0,0,0,1,0,0,0,1,0,0,0,0,0,0,0,0,0,No,0,1,0,1,0,0,Large Provincial Cities
4/07/2010,12.00.00,No,Collision with vehicle,RIGHT THROUGH,No,Day,Yes,T intersection,Serious injury accident,70 km/hr,144.6373,-37.89599,WYNDHAM,METROPOLITAN NORTH WEST REGION,3,1,0,1,0,2,2,1,0,1,2,0,0,0,0,0,0,0,0,0,No,0,2,0,2,0,0,Metropolitan Excluding CBD
4/07/2010,04.00.00,Yes,Vehicle overturned (no collision),OFF CARRIAGEWAY TO RIGHT,No,Dark No street lights,Yes,Not at intersection,Other injury accident,100 km/hr,144.62864,-36.08603,CAMPASPE,NORTHERN REGION,2,2,0,0,2,0,1,1,0,1,1,0,0,0,0,0,0,0,0,0,No,0,1,0,1,0,0,Country
4/07/2010,17.45.00,Yes,Collision with vehicle,REAR END(VEHICLES IN SAME LANE),No,Dark Street lights on,No,T intersection,Other injury accident,60 km/hr,144.97802,-37.84948,PORT PHILLIP,METROPOLITAN NORTH WEST REGION,2,1,0,0,1,1,1,1,0,0,2,0,0,0,0,0,0,0,0,1,No,0,2,0,2,0,0,Metropolitan Excluding CBD
4/07/2010,19.00.00,Yes,Collision with a fixed object,RIGHT OFF CARRIAGEWAY INTO OBJECT/PARKED VEHICLE,No,Dark Street lights on,Yes,Not at intersection,Serious injury accident,50 km/hr,144.93778,-37.71005,MORELAND,METROPOLITAN NORTH WEST REGION,3,1,0,1,0,2,1,1,0,1,2,0,0,0,0,0,0,0,0,0,No,0,2,0,2,0,0,Metropolitan Excluding CBD
4/07/2010,14.07.00,No,Vehicle overturned (no collision),OUT OF CONTROL ON CARRIAGEWAY (ON STRAIGHT),No,Day,Yes,Not at intersection,Other injury accident,80 km/hr,145.18767,-38.16981,FRANKSTON,METROPOLITAN SOUTH EAST REGION,2,1,0,0,1,1,1,0,0,0,1,0,0,1,0,0,0,0,0,0,No,0,2,0,1,1,0,Metropolitan Excluding CBD
4/07/2010,01.58.00,Yes,Collision with a fixed object,OFF LEFT BEND INTO OBJECT/PARKED VEHICLE,Yes,Dark No street lights,Yes,Not at intersection,Serious injury accident,50 km/hr,144.80899,-38.38434,MORNINGTON PENINSULA,METROPOLITAN SOUTH EAST REGION,1,1,0,1,0,0,1,0,0,0,1,0,0,0,0,0,0,0,0,0,Yes,0,1,0,1,0,0,Metropolitan Excluding CBD
4/07/2010,02.15.00,Yes,Collision with a fixed object,OFF LEFT BEND INTO OBJECT/PARKED VEHICLE,Yes,Dark Street lights on,Yes,Not at intersection,Other injury accident,50 km/hr,144.75511,-38.35282,MORNINGTON PENINSULA,METROPOLITAN SOUTH EAST REGION,1,1,0,0,1,0,1,0,0,0,1,0,0,0,0,0,0,0,0,1,Yes,0,1,0,1,0,0,Metropolitan Excluding CBD
4/07/2010,23.15.00,Yes,Struck Pedestrian,PED PLAYING/LYING/WORKING/STANDING ON CARRIAGEWAY.,Yes,Dark Street lights on,Yes,Not at intersection,Serious injury accident,60 km/hr,145.16354,-37.95813,DANDENONG,METROPOLITAN SOUTH EAST REGION,2,1,0,1,0,1,2,0,0,0,0,1,0,0,1,0,1,0,0,0,No,0,1,0,0,0,0,Metropolitan Excluding CBD
4/07/2010,17.35.00,Yes,Collision with a fixed object,RIGHT OFF CARRIAGEWAY INTO OBJECT/PARKED VEHICLE,No,Dark No street lights,Yes,Not at intersection,Other injury accident,100 km/hr,143.77476,-36.95706,CENTRAL GOLDFIELDS,WESTERN REGION,2,2,0,0,2,0,0,2,0,1,1,0,0,0,0,0,0,0,0,1,No,0,1,0,1,0,0,Country
4/07/2010,16.10.00,Yes,Collision with vehicle,RIGHT NEAR (INTERSECTIONS ONLY),No,Day,No,Cross intersection,Other injury accident,60 km/hr,144.29222,-36.76788,BENDIGO,NORTHERN REGION,3,1,0,0,1,2,1,2,0,1,2,0,0,0,0,0,0,0,0,1,No,0,2,0,2,0,0,Large Provincial Cities
4/07/2010,21.45.00,Yes,Collision with a fixed object,LEFT OFF CARRIAGEWAY INTO OBJECT/PARKED VEHICLE,No,Dark No street lights,Yes,T intersection,Serious injury accident,100 km/hr,144.75231,-36.96188,BENDIGO,NORTHERN REGION,5,4,0,2,2,1,4,1,0,4,1,0,0,0,0,0,0,0,0,0,No,0,1,0,1,0,0,Country
4/07/2010,19.55.00,Yes,Collision with vehicle,U TURN,No,Dark Street lights on,Yes,Not at intersection,Other injury accident,60 km/hr,144.97494,-37.83515,MELBOURNE,METROPOLITAN NORTH WEST REGION,2,1,0,0,1,1,1,1,0,0,2,0,0,0,0,0,0,0,0,0,No,0,2,0,2,0,0,Metropolitan Excluding CBD
4/07/2010,13.00.00,No,No collision and no object struck,OUT OF CONTROL ON CARRIAGEWAY (ON STRAIGHT),No,Day,No,Not at intersection,Other injury accident,Not known,145.99393,-37.56423,YARRA RANGES,METROPOLITAN SOUTH EAST REGION,1,1,0,0,1,0,1,0,0,0,0,0,0,1,0,0,0,0,0,0,No,0,1,0,0,1,0,Country
4/07/2010,19.11.00,Yes,Collision with vehicle,VEHICLE COLLIDES WITH VEHICLE PARKED ON LEFT OF ROAD,No,Dark Street lights on,Yes,Not at intersection,Other injury accident,60 km/hr,145.22006,-37.80799,MAROONDAH,METROPOLITAN SOUTH EAST REGION,1,1,0,0,1,0,0,1,0,0,1,0,0,0,0,0,0,0,0,1,No,0,2,0,2,0,0,Metropolitan Excluding CBD
4/07/2010,01.30.00,Yes,Collision with a fixed object,RIGHT OFF CARRIAGEWAY INTO OBJECT/PARKED VEHICLE,No,Dark Street lights on,Yes,Not at intersection,Other injury accident,60 km/hr,145.20796,-37.95323,DANDENONG,METROPOLITAN SOUTH EAST REGION,3,1,0,0,1,2,3,0,0,2,1,0,0,0,0,0,0,0,0,0,No,0,1,0,1,0,0,Metropolitan Excluding CBD
4/07/2010,12.15.00,No,Collision with a fixed object,OFF RIGHT BEND INTO OBJECT/PARKED VEHICLE,No,Day,Yes,Not at intersection,Serious injury accident,100 km/hr,145.50159,-38.51947,BASS COAST,EASTERN REGION,2,2,0,1,1,0,1,1,0,1,1,0,0,0,0,0,0,0,0,1,No,1,1,0,1,0,0,Country
4/07/2010,15.00.00,No,Collision with a fixed object,OFF RIGHT BEND INTO OBJECT/PARKED VEHICLE,No,Day,No,Not at intersection,Other injury accident,100 km/hr,143.69371,-38.51467,COLAC OTWAY,SOUTH WESTERN REGION,1,1,0,0,1,0,1,0,0,0,1,0,0,0,0,0,0,0,0,0,No,0,1,0,1,0,0,Country
4/07/2010,08.00.00,Yes,Collision with a fixed object,OFF END OF ROAD/T-INTERSECTION.,Yes,Day,No,T intersection,Other injury accident,60 km/hr,145.29161,-37.86288,KNOX,METROPOLITAN SOUTH EAST REGION,1,1,0,0,1,0,0,1,0,0,1,0,0,0,0,0,0,0,0,0,No,0,1,0,1,0,0,Metropolitan Excluding CBD
5/07/2010,06.10.00,No,Collision with a fixed object,LEFT OFF CARRIAGEWAY INTO OBJECT/PARKED VEHICLE,No,Dark Street lights on,Yes,Cross intersection,Serious injury accident,70 km/hr,145.08676,-37.90102,MONASH,METROPOLITAN SOUTH EAST REGION,2,2,0,2,0,0,1,1,0,1,1,0,0,0,0,0,0,0,0,0,No,0,1,0,1,0,0,Metropolitan Excluding CBD
5/07/2010,08.05.00,No,Collision with vehicle,RIGHT THROUGH,No,Day,Yes,Cross intersection,Serious injury accident,60 km/hr,145.1872,-37.96665,DANDENONG,METROPOLITAN SOUTH EAST REGION,2,1,0,1,0,1,1,1,0,0,2,0,0,0,0,0,0,0,1,1,No,0,2,0,2,0,0,Metropolitan Excluding CBD
5/07/2010,09.00.00,No,Collision with vehicle,RIGHT NEAR (INTERSECTIONS ONLY),No,Day,Yes,T intersection,Other injury accident,50 km/hr,145.1813,-37.95829,DANDENONG,METROPOLITAN SOUTH EAST REGION,3,1,0,0,1,2,1,2,0,1,2,0,0,0,0,0,0,0,0,0,No,0,2,0,2,0,0,Metropolitan Excluding CBD
5/07/2010,07.00.00,No,Collision with vehicle,OUT OF CONTROL (OVERTAKING),No,Day,Yes,Not at intersection,Fatal accident,100 km/hr,145.21555,-38.20182,CASEY,METROPOLITAN SOUTH EAST REGION,3,2,1,1,0,1,2,1,0,0,3,0,0,0,0,0,0,0,0,0,No,0,3,0,3,0,0,Country
5/07/2010,10.40.00,No,Struck Pedestrian,PED NEAR SIDE. PED HIT BY VEHICLE FROM THE RIGHT.,No,Day,Yes,Cross intersection,Other injury accident,50 km/hr,144.96203,-37.81791,MELBOURNE,METROPOLITAN NORTH WEST REGION,2,1,0,0,1,1,1,1,0,0,1,1,0,0,0,0,0,0,0,0,No,0,1,0,1,0,0,Metropolitan CBD Only
5/07/2010,10.00.00,No,Struck Pedestrian,PED STRUCK WALKING TO/FROM OR BOARDING/ALIGHTING VEHICLE.,No,Day,Yes,Not at intersection,Other injury accident,50 km/hr,145.15567,-37.97736,DANDENONG,METROPOLITAN SOUTH EAST REGION,2,1,0,0,1,1,1,1,0,0,1,1,0,0,0,0,0,0,0,0,No,0,1,0,1,0,0,Metropolitan Excluding CBD
5/07/2010,11.00.00,No,No collision and no object struck,OUT OF CONTROL ON CARRIAGEWAY (ON STRAIGHT),No,Day,No,Not at intersection,Other injury accident,Not known,145.67088,-37.83199,YARRA RANGES,METROPOLITAN SOUTH EAST REGION,1,1,0,0,1,0,1,0,0,0,0,0,0,1,0,0,0,0,0,0,No,0,1,0,0,1,0,Country
5/07/2010,07.45.00,No,Collision with vehicle,RIGHT NEAR (INTERSECTIONS ONLY),No,Day,Yes,T intersection,Serious injury accident,60 km/hr,145.32259,-38.0116,CASEY,METROPOLITAN SOUTH EAST REGION,2,1,0,1,0,1,2,0,0,0,2,0,0,0,0,0,0,0,0,1,No,0,2,0,2,0,0,Metropolitan Excluding CBD
5/07/2010,13.40.00,No,Collision with vehicle,REAR END(VEHICLES IN SAME LANE),No,Day,No,Not at intersection,Other injury accident,80 km/hr,145.22587,-37.95747,DANDENONG,METROPOLITAN SOUTH EAST REGION,4,2,0,0,2,2,4,0,0,1,3,0,0,0,0,0,0,0,0,2,No,0,3,0,3,0,0,Metropolitan Excluding CBD
5/07/2010,11.30.00,No,Collision with vehicle,RIGHT THROUGH,No,Day,No,Multiple intersection,Other injury accident,60 km/hr,145.03032,-37.79912,BOROONDARA,METROPOLITAN SOUTH EAST REGION,2,1,0,0,1,1,2,0,0,0,2,0,0,0,0,0,0,0,0,0,No,0,2,0,2,0,0,Metropolitan Excluding CBD
5/07/2010,12.05.00,No,Struck Pedestrian,PED PLAYING/LYING/WORKING/STANDING ON CARRIAGEWAY.,No,Day,Yes,Not at intersection,Serious injury accident,50 km/hr,145.08768,-37.90688,MONASH,METROPOLITAN SOUTH EAST REGION,2,1,0,1,0,1,2,0,0,0,1,1,0,0,0,1,0,0,0,0,No,0,1,1,0,0,0,Metropolitan Excluding CBD
5/07/2010,13.55.00,No,Collision with vehicle,CROSS TRAFFIC(INTERSECTIONS ONLY),No,Day,Yes,Cross intersection,Serious injury accident,60 km/hr,145.02511,-37.77901,DAREBIN,METROPOLITAN NORTH WEST REGION,2,1,0,1,0,1,1,1,1,0,1,0,0,0,0,0,0,0,0,0,No,0,2,0,1,0,0,Metropolitan Excluding CBD
5/07/2010,13.45.00,No,Collision with vehicle,LEFT NEAR (INTERSECTIONS ONLY),Yes,Day,Yes,T intersection,Other injury accident,70 km/hr,144.66529,-37.87074,WYNDHAM,METROPOLITAN NORTH WEST REGION,2,1,0,0,1,1,2,0,1,0,1,0,0,0,0,0,0,0,0,1,No,0,2,0,1,0,0,Metropolitan Excluding CBD
5/07/2010,10.18.00,No,Collision with vehicle,RIGHT THROUGH,No,Day,Yes,Cross intersection,Other injury accident,60 km/hr,145.01154,-37.7388,DAREBIN,METROPOLITAN NORTH WEST REGION,2,1,0,0,1,1,0,2,0,0,2,0,0,0,0,0,0,0,0,1,No,0,2,0,2,0,0,Metropolitan Excluding CBD
5/07/2010,14.38.00,No,Collision with vehicle,RIGHT THROUGH,No,Day,Yes,T intersection,Other injury accident,70 km/hr,144.7285,-37.87043,WYNDHAM,METROPOLITAN NORTH WEST REGION,2,1,0,0,1,1,1,1,0,0,2,0,0,0,0,0,0,0,0,0,No,0,2,0,2,0,0,Metropolitan Excluding CBD
5/07/2010,09.30.00,No,Collision with vehicle,REAR END(VEHICLES IN SAME LANE),No,Day,No,Cross intersection,Other injury accident,60 km/hr,144.98502,-37.84569,MELBOURNE,METROPOLITAN SOUTH EAST REGION,3,1,0,0,1,2,2,1,0,0,3,0,0,0,0,0,0,0,0,1,No,0,3,0,2,0,0,Metropolitan Excluding CBD
5/07/2010,14.40.00,No,Collision with vehicle,REAR END(VEHICLES IN SAME LANE),No,Day,Yes,Cross intersection,Other injury accident,70 km/hr,144.31147,-38.20073,GEELONG,SOUTH WESTERN REGION,7,3,0,0,3,4,5,2,0,5,2,0,0,0,0,0,0,0,0,1,No,0,2,0,2,0,0,Large Provincial Cities
5/07/2010,14.25.00,No,Collision with a fixed object,RIGHT OFF CARRIAGEWAY INTO OBJECT/PARKED VEHICLE,No,Day,Yes,Not at intersection,Serious injury accident,60 km/hr,145.11214,-37.76053,MANNINGHAM,METROPOLITAN SOUTH EAST REGION,1,1,0,1,0,0,1,0,0,0,1,0,0,0,0,0,0,0,0,1,No,0,1,0,1,0,0,Metropolitan Excluding CBD
5/07/2010,17.45.00,No,Collision with vehicle,RIGHT NEAR (INTERSECTIONS ONLY),No,Dark Street lights on,Yes,T intersection,Other injury accident,60 km/hr,145.05992,-37.94311,KINGSTON,METROPOLITAN SOUTH EAST REGION,2,1,0,0,1,1,2,0,0,0,2,0,0,0,0,0,0,0,0,2,No,0,2,0,2,0,0,Metropolitan Excluding CBD
5/07/2010,19.20.00,Yes,Struck Pedestrian,FAR SIDE. PED HIT BY VEHICLE FROM THE LEFT,No,Dark Street lights on,Yes,Cross intersection,Serious injury accident,50 km/hr,145.1242,-38.02202,KINGSTON,METROPOLITAN SOUTH EAST REGION,2,1,0,1,0,1,1,1,0,0,1,1,0,0,0,0,0,0,0,0,No,0,1,0,1,0,0,Metropolitan Excluding CBD
5/07/2010,17.02.00,No,Collision with vehicle,RIGHT THROUGH,No,Day,Yes,Cross intersection,Other injury accident,60 km/hr,145.1619,-37.86111,MONASH,METROPOLITAN SOUTH EAST REGION,3,1,0,0,1,2,3,0,0,1,2,0,0,0,0,0,0,0,0,1,No,0,2,0,2,0,0,Metropolitan Excluding CBD
5/07/2010,19.15.00,Yes,Struck Pedestrian,PED NEAR SIDE. PED HIT BY VEHICLE FROM THE RIGHT.,No,Dark No street lights,Yes,Cross intersection,Other injury accident,60 km/hr,144.71908,-37.57941,HUME,METROPOLITAN NORTH WEST REGION,2,1,0,0,1,1,2,0,0,0,1,1,0,0,0,0,0,0,0,1,No,0,1,0,1,0,0,Small Provincial Cities
5/07/2010,15.15.00,No,Collision with vehicle,RIGHT NEAR (INTERSECTIONS ONLY),No,Day,No,T intersection,Other injury accident,80 km/hr,145.34042,-38.04926,CASEY,METROPOLITAN SOUTH EAST REGION,2,1,0,0,1,1,1,1,0,0,2,0,0,0,0,0,0,0,0,1,No,0,2,0,2,0,0,Metropolitan Excluding CBD
5/07/2010,08.50.00,No,Collision with vehicle,RIGHT REAR.,No,Day,No,T intersection,Other injury accident,60 km/hr,145.93373,-38.16211,BAW BAW,EASTERN REGION,2,1,0,0,1,1,1,1,0,0,2,0,0,0,0,0,0,0,0,1,No,0,2,0,2,0,0,Small Provincial Cities
5/07/2010,07.30.00,No,Collision with vehicle,REAR END(VEHICLES IN SAME LANE),No,Day,No,Cross intersection,Other injury accident,60 km/hr,145.04817,-37.87598,STONNINGTON,METROPOLITAN SOUTH EAST REGION,2,1,0,0,1,1,1,0,0,0,2,0,0,0,0,0,0,0,0,0,No,0,2,0,2,0,0,Metropolitan Excluding CBD
5/07/2010,17.30.00,No,Collision with vehicle,REAR END(VEHICLES IN SAME LANE),No,Dusk/Dawn,No,Cross intersection,Other injury accident,70 km/hr,145.1447,-37.99085,DANDENONG,METROPOLITAN SOUTH EAST REGION,2,2,0,0,2,0,1,1,0,0,2,0,0,0,0,0,0,0,0,0,No,0,2,0,2,0,0,Metropolitan Excluding CBD
5/07/2010,17.00.00,No,Collision with vehicle,RIGHT NEAR (INTERSECTIONS ONLY),No,Dusk/Dawn,Yes,T intersection,Other injury accident,60 km/hr,144.30192,-38.21119,GEELONG,SOUTH WESTERN REGION,2,1,0,0,1,1,1,1,0,0,2,0,0,0,0,0,0,0,0,1,No,0,2,0,2,0,0,Large Provincial Cities
5/07/2010,18.15.00,Yes,Collision with vehicle,RIGHT FAR (INTERSECTIONS ONLY),No,Dark Street lights on,No,Cross intersection,Serious injury accident,50 km/hr,144.98818,-37.85408,STONNINGTON,METROPOLITAN SOUTH EAST REGION,2,1,0,1,0,1,1,0,1,0,0,0,0,0,1,0,0,0,0,0,No,0,2,0,0,0,0,Metropolitan Excluding CBD
5/07/2010,19.00.00,Yes,Struck animal,STRUCK ANIMAL,No,Dark Street lights on,No,Not at intersection,Serious injury accident,50 km/hr,146.97643,-36.73659,ALPINE,NORTH EASTERN REGION,1,1,0,1,0,0,1,0,0,0,0,0,0,1,0,0,0,0,0,0,No,0,1,0,0,1,0,Other Towns
5/07/2010,11.00.00,No,collision with some other object,STRUCK OBJECT ON CARRIAGEWAY,No,Day,No,Not at intersection,Other injury accident,Not known,146.92061,-36.92618,ALPINE,NORTH EASTERN REGION,1,1,0,0,1,0,1,0,0,0,0,0,0,1,0,0,0,0,0,0,No,0,1,0,0,1,0,Country
6/07/2010,01.52.00,Yes,No collision and no object struck,OFF CARRIAGEWAY TO LEFT,No,Dark Street lights on,Yes,T intersection,Other injury accident,60 km/hr,145.07984,-37.87833,STONNINGTON,METROPOLITAN SOUTH EAST REGION,1,1,0,0,1,0,1,0,0,0,0,0,0,1,0,0,0,0,0,0,No,0,1,0,0,1,0,Metropolitan Excluding CBD
6/07/2010,07.00.00,No,Struck Pedestrian,PED NEAR SIDE. PED HIT BY VEHICLE FROM THE RIGHT.,No,Dark Street lights on,Yes,Cross intersection,Serious injury accident,60 km/hr,145.01154,-37.7388,DAREBIN,METROPOLITAN NORTH WEST REGION,2,1,0,1,0,1,1,1,0,0,1,1,0,0,0,0,0,0,0,0,No,0,1,0,0,0,1,Metropolitan Excluding CBD
6/07/2010,06.20.00,No,Collision with a fixed object,LEFT OFF CARRIAGEWAY INTO OBJECT/PARKED VEHICLE,No,Dark Street lights on,Yes,Not at intersection,Other injury accident,70 km/hr,145.09404,-37.72937,BANYULE,METROPOLITAN NORTH WEST REGION,1,1,0,0,1,0,1,0,0,0,1,0,0,0,0,0,0,0,0,1,No,0,1,0,1,0,0,Metropolitan Excluding CBD