ACCIDENT_DATE,ACCIDENT_TIME,ALCOHOLTIME,ACCIDENT_TYPE,DCA_CODE,HIT_RUN_FLAG,LIGHT_CONDITION,POLICE_ATTEND,ROAD_GEOMETRY,SEVERITY,SPEED_ZONE,LONGITUDE,LATITUDE,LGA_NAME,REGION_NAME,TOTAL_PERSONS,INJ_OR_FATAL,FATALITY,SERIOUSINJURY,OTHERINJURY,NONINJURED,MALES,FEMALES,BICYCLIST,PASSENGER,DRIVER,PEDESTRIAN,PILLION,MOTORIST,UNKNOWN,PED_CYCLIST_5_12,PED_CYCLIST_13_18,OLD_PEDESTRIAN,OLD_DRIVER,YOUNG_DRIVER,ALCOHOL_RELATED,UNLICENCSED,NO_OF_VEHICLES,HEAVYVEHICLE,PASSENGERVEHICLE,MOTORCYCLE,PUBLICVEHICLE,DEG_URBAN_NAME
7/07/2010,15.45.00,No,Collision with vehicle,OTHER MANOEUVRING NOT INCLUDED IN DCAs 140-148,No,Day,No,Not at intersection,Other injury accident,60 km/hr,144.83249,-37.78254,BRIMBANK,METROPOLITAN NORTH WEST REGION,2,1,0,0,1,1,2,0,0,0,2,0,0,0,0,0,0,0,0,1,No,0,2,0,2,0,0,Metropolitan Excluding CBD
8/07/2010,03.05.00,Yes,Collision with a fixed object,OFF LEFT BEND INTO OBJECT/PARKED VEHICLE,No,Dark Street lights on,Yes,Not at intersection,Serious injury accident,60 km/hr,145.36699,-37.90898,YARRA RANGES,METROPOLITAN SOUTH EAST REGION,1,1,0,1,0,0,0,1,0,0,1,0,0,0,0,0,0,0,0,1,No,0,1,0,1,0,0,Metropolitan Excluding CBD
8/07/2010,06.45.00,No,Collision with vehicle,RIGHT NEAR (INTERSECTIONS ONLY),No,Dark Street lights on,Yes,T intersection,Other injury accident,60 km/hr,145.20332,-38.02576,DANDENONG,METROPOLITAN SOUTH EAST REGION,3,2,0,0,2,1,1,2,0,1,2,0,0,0,0,0,0,0,0,1,No,0,2,0,2,0,0,Metropolitan Excluding CBD
8/07/2010,06.35.00,No,Collision with vehicle,LANE SIDE SWIPE (VEHICLES IN PARALLEL LANES),No,Dark Street lights on,Yes,Not at intersection,Other injury accident,80 km/hr,145.35116,-37.80656,YARRA RANGES,METROPOLITAN SOUTH EAST REGION,2,1,0,0,1,1,2,0,0,0,2,0,0,0,0,0,0,0,0,0,No,0,2,0,2,0,0,Metropolitan Excluding CBD
8/07/2010,03.00.00,Yes,Collision with a fixed object,LEFT OFF CARRIAGEWAY INTO OBJECT/PARKED VEHICLE,No,Dark No street lights,Yes,Not at intersection,Other injury accident,50 km/hr,144.9593,-37.29251,MITCHELL,NORTHERN REGION,1,1,0,0,1,0,1,0,0,0,1,0,0,0,0,0,0,0,0,1,Yes,0,1,0,1,0,0,Other Towns
8/07/2010,08.10.00,No,Collision with vehicle,RIGHT THROUGH,No,Day,Yes,T intersection,Serious injury accident,60 km/hr,144.89566,-37.8229,HOBSONS BAY,METROPOLITAN NORTH WEST REGION,2,1,0,1,0,1,2,0,1,0,1,0,0,0,0,0,0,0,0,1,No,0,2,0,1,0,0,Metropolitan Excluding CBD
8/07/2010,08.00.00,No,Collision with vehicle,RIGHT THROUGH,No,Day,Yes,T intersection,Other injury accident,80 km/hr,145.12016,-37.68244,NILLUMBIK,METROPOLITAN NORTH WEST REGION,2,1,0,0,1,1,2,0,0,0,2,0,0,0,0,0,0,0,0,0,No,0,2,0,2,0,0,Metropolitan Excluding CBD
8/07/2010,07.55.00,No,Collision with vehicle,LEFT NEAR (INTERSECTIONS ONLY),No,Day,Yes,Cross intersection,Other injury accident,80 km/hr,145.17543,-37.9945,DANDENONG,METROPOLITAN SOUTH EAST REGION,2,1,0,0,1,1,2,0,0,0,1,0,0,1,0,0,0,0,1,0,No,0,2,0,1,1,0,Metropolitan Excluding CBD
8/07/2010,09.45.00,No,Collision with vehicle,RIGHT NEAR (INTERSECTIONS ONLY),No,Day,Yes,T intersection,Serious injury accident,100 km/hr,142.18031,-34.26063,MILDURA,WESTERN REGION,3,2,0,1,1,1,2,1,0,1,2,0,0,0,0,0,0,0,0,0,No,0,2,0,2,0,0,Country
8/07/2010,14.10.00,No,collision with some other object,STRUCK OBJECT ON CARRIAGEWAY,No,Day,No,Not at intersection,Serious injury accident,100 km/hr,144.57221,-37.71879,MELTON,METROPOLITAN NORTH WEST REGION,2,1,0,1,0,1,0,2,0,1,1,0,0,0,0,0,0,0,0,1,No,0,1,0,1,0,0,Small Provincial Cities
8/07/2010,11.29.00,No,Collision with vehicle,CROSS TRAFFIC(INTERSECTIONS ONLY),No,Day,Yes,Cross intersection,Serious injury accident,100 km/hr,144.59781,-37.28135,MACEDON RANGES,NORTHERN REGION,9,1,0,1,0,8,4,5,0,7,2,0,0,0,0,0,0,0,0,1,No,0,2,0,2,0,0,Country
8/07/2010,09.00.00,No,Collision with vehicle,OTHER SAME DIRECTION-MANOUEVRES NOT INCLUDED IN DCAs 130-137,No,Day,No,Not at intersection,Other injury accident,60 km/hr,144.94861,-37.71555,MORELAND,METROPOLITAN NORTH WEST REGION,2,1,0,0,1,1,2,0,1,0,1,0,0,0,0,0,0,0,0,0,No,0,2,0,1,0,0,Metropolitan Excluding CBD
8/07/2010,10.35.00,No,Collision with vehicle,CROSS TRAFFIC(INTERSECTIONS ONLY),No,Day,Yes,Cross intersection,Other injury accident,Camping grounds or off road,144.95841,-37.73076,MORELAND,METROPOLITAN NORTH WEST REGION,3,1,0,0,1,2,2,1,0,0,3,0,0,0,0,0,0,0,1,0,No,0,3,0,3,0,0,Metropolitan Excluding CBD
8/07/2010,15.30.00,No,Collision with vehicle,REAR END(VEHICLES IN SAME LANE),No,Day,Yes,Not at intersection,Other injury accident,70 km/hr,144.95773,-37.68538,HUME,METROPOLITAN NORTH WEST REGION,2,1,0,0,1,1,0,2,0,0,2,0,0,0,0,0,0,0,0,0,No,0,2,0,2,0,0,Metropolitan Excluding CBD
8/07/2010,14.32.00,No,collision with some other object,OFF END OF ROAD/T-INTERSECTION.,No,Day,Yes,T intersection,Serious injury accident,40 km/hr,144.93249,-37.84108,PORT PHILLIP,METROPOLITAN NORTH WEST REGION,1,1,0,1,0,0,1,0,0,0,1,0,0,0,0,0,0,0,0,0,No,0,1,0,1,0,0,Metropolitan Excluding CBD
8/07/2010,14.58.00,No,Collision with vehicle,VEHICLE STRIKES ANOTHER VEH WHILE EMERGING FROM DRIVEWAY,No,Day,Yes,Not at intersection,Other injury accident,50 km/hr,144.97033,-37.81662,MELBOURNE,METROPOLITAN NORTH WEST REGION,2,1,0,0,1,1,2,0,0,0,1,0,0,1,0,0,0,0,0,0,No,0,2,0,1,1,0,Metropolitan CBD Only
8/07/2010,18.01.00,Yes,Collision with vehicle,RIGHT THROUGH,No,Dark Street lights on,Yes,Cross intersection,Serious injury accident,60 km/hr,145.10452,-37.78838,MANNINGHAM,METROPOLITAN SOUTH EAST REGION,5,1,0,1,0,4,3,2,0,3,2,0,0,0,0,0,0,0,0,1,No,0,2,0,2,0,0,Metropolitan Excluding CBD
8/07/2010,14.10.00,No,Collision with vehicle,CROSS TRAFFIC(INTERSECTIONS ONLY),No,Day,No,Cross intersection,Serious injury accident,50 km/hr,144.98099,-37.78557,YARRA,METROPOLITAN NORTH WEST REGION,2,1,0,1,0,1,1,1,0,0,1,0,0,1,0,0,0,0,0,0,No,0,2,0,1,1,0,Metropolitan Excluding CBD
8/07/2010,19.40.00,Yes,Collision with vehicle,RIGHT REAR.,No,Dark Street lights on,Yes,Cross intersection,Serious injury accident,50 km/hr,145.00044,-37.75956,DAREBIN,METROPOLITAN NORTH WEST REGION,4,2,0,2,0,2,3,1,0,2,2,0,0,0,0,0,0,0,0,0,No,0,2,0,2,0,0,Metropolitan Excluding CBD
8/07/2010,19.00.00,Yes,Vehicle overturned (no collision),OUT OF CONTROL ON CARRIAGEWAY (ON STRAIGHT),No,Dark Street lights on,No,Not at intersection,Serious injury accident,50 km/hr,144.94987,-37.82812,PORT PHILLIP,METROPOLITAN NORTH WEST REGION,2,2,0,1,1,0,2,0,0,0,0,0,1,1,0,0,0,0,0,0,No,0,1,0,0,1,0,Metropolitan Excluding CBD
8/07/2010,19.20.00,Yes,Collision with vehicle,RIGHT THROUGH,No,Dark Street lights on,Yes,T intersection,Other injury accident,70 km/hr,144.95665,-37.67863,HUME,METROPOLITAN NORTH WEST REGION,3,1,0,0,1,2,3,0,0,1,2,0,0,0,0,0,0,0,0,0,No,0,2,0,2,0,0,Metropolitan Excluding CBD
8/07/2010,03.55.00,Yes,Collision with a fixed object,LEFT OFF CARRIAGEWAY INTO OBJECT/PARKED VEHICLE,No,Dark Street lights on,Yes,Not at intersection,Other injury accident,100 km/hr,145.08297,-37.87837,STONNINGTON,METROPOLITAN SOUTH EAST REGION,1,1,0,0,1,0,0,1,0,0,1,0,0,0,0,0,0,0,0,0,Yes,0,1,0,1,0,0,Metropolitan Excluding CBD
8/07/2010,22.10.00,Yes,Collision with a fixed object,LEFT OFF CARRIAGEWAY INTO OBJECT/PARKED VEHICLE,No,Dark Street lights on,Yes,Not at intersection,Other injury accident,60 km/hr,144.79982,-37.74402,BRIMBANK,METROPOLITAN NORTH WEST REGION,1,1,0,0,1,0,0,0,0,0,1,0,0,0,0,0,0,0,0,0,No,0,1,0,1,0,0,Metropolitan Excluding CBD
8/07/2010,05.15.00,Yes,Collision with a fixed object,RIGHT OFF CARRIAGEWAY INTO OBJECT/PARKED VEHICLE,Yes,Dark Street lights on,Yes,Not at intersection,Other injury accident,50 km/hr,144.87604,-38.36803,MORNINGTON PENINSULA,METROPOLITAN SOUTH EAST REGION,1,1,0,0,1,0,1,0,0,0,1,0,0,0,0,0,0,0,0,1,No,0,1,0,1,0,0,Metropolitan Excluding CBD
8/07/2010,16.15.00,No,No collision and no object struck,OFF CARRIAGEWAY TO LEFT,No,Day,Yes,Not at intersection,Other injury accident,100 km/hr,144.87702,-37.28732,MITCHELL,NORTHERN REGION,2,2,0,0,2,0,2,0,0,1,1,0,0,0,0,0,0,0,0,1,No,0,1,0,1,0,0,Country
8/07/2010,09.00.00,No,Struck Pedestrian,PED NEAR SIDE. PED HIT BY VEHICLE FROM THE RIGHT.,No,Day,No,T intersection,Other injury accident,Not known,144.93224,-37.78834,MELBOURNE,METROPOLITAN NORTH WEST REGION,2,1,0,0,1,1,1,1,0,0,1,1,0,0,0,0,0,0,0,1,No,0,1,0,1,0,0,Metropolitan Excluding CBD
8/07/2010,13.50.00,No,Collision with vehicle,REAR END(VEHICLES IN SAME LANE),No,Day,Yes,Not at intersection,Other injury accident,60 km/hr,145.06849,-37.75967,BANYULE,METROPOLITAN NORTH WEST REGION,3,2,0,0,2,1,0,3,0,1,2,0,0,0,0,0,0,0,0,0,No,0,2,0,2,0,0,Metropolitan Excluding CBD
8/07/2010,18.30.00,Yes,Struck Pedestrian,PED NEAR SIDE. PED HIT BY VEHICLE FROM THE RIGHT.,No,Dusk/Dawn,No,Cross intersection,Other injury accident,60 km/hr,144.92255,-37.72137,MORELAND,METROPOLITAN NORTH WEST REGION,2,1,0,0,1,1,1,1,0,0,1,1,0,0,0,0,0,0,0,0,No,0,1,0,1,0,0,Metropolitan Excluding CBD
8/07/2010,21.45.00,Yes,Collision with vehicle,VEHICLE COLLIDES WITH VEHICLE PARKED ON LEFT OF ROAD,No,Dark Street lights on,Yes,Not at intersection,Other injury accident,60 km/hr,145.02982,-37.88222,GLEN EIRA,METROPOLITAN SOUTH EAST REGION,1,1,0,0,1,0,1,0,0,0,1,0,0,0,0,0,0,0,0,0,No,0,2,0,2,0,0,Metropolitan Excluding CBD
8/07/2010,10.00.00,No,Fall from or in moving vehicle,FELL IN/FROM VEHICLE,No,Day,No,Not at intersection,Other injury accident,50 km/hr,144.96909,-37.81029,MELBOURNE,METROPOLITAN NORTH WEST REGION,4,2,0,0,2,2,2,2,0,2,2,0,0,0,0,0,0,0,0,0,No,0,2,0,1,0,1,Metropolitan CBD Only
8/07/2010,17.30.00,No,Collision with vehicle,RIGHT THROUGH,No,Dusk/Dawn,No,T intersection,Other injury accident,60 km/hr,145.02959,-37.95482,BAYSIDE,METROPOLITAN SOUTH EAST REGION,4,1,0,0,1,3,3,1,0,1,3,0,0,0,0,0,0,0,0,1,No,0,3,0,3,0,0,Metropolitan Excluding CBD
8/07/2010,20.00.00,Yes,Struck Pedestrian,PED NEAR SIDE. PED HIT BY VEHICLE FROM THE RIGHT.,Yes,Dark No street lights,No,Not at intersection,Other injury accident,50 km/hr,144.88934,-37.79208,MARIBYRNONG,METROPOLITAN NORTH WEST REGION,2,1,0,0,1,1,1,0,0,0,1,1,0,0,0,0,0,0,0,0,No,0,1,0,1,0,0,Metropolitan Excluding CBD
8/07/2010,17.05.00,No,Collision with vehicle,RIGHT NEAR (INTERSECTIONS ONLY),No,Day,No,T intersection,Other injury accident,70 km/hr,144.8487,-37.82302,HOBSONS BAY,METROPOLITAN NORTH WEST REGION,2,1,0,0,1,1,0,2,0,0,2,0,0,0,0,0,0,0,0,0,No,0,2,0,2,0,0,Metropolitan Excluding CBD
9/07/2010,06.10.00,No,collision with some other object,LEFT OFF CARRIAGEWAY INTO OBJECT/PARKED VEHICLE,No,Dark Street lights on,Yes,Not at intersection,Other injury accident,70 km/hr,145.18031,-37.79768,MANNINGHAM,METROPOLITAN SOUTH EAST REGION,2,1,0,0,1,1,1,1,1,0,1,0,0,0,0,0,0,0,0,1,No,1,2,0,1,0,0,Metropolitan Excluding CBD
9/07/2010,08.30.00,No,Collision with vehicle,VEHICLE STRIKES DOOR OF PARKED/STATIONARY VEHICLE,No,Day,Yes,Not at intersection,Serious injury accident,60 km/hr,144.96822,-37.81915,MELBOURNE,METROPOLITAN NORTH WEST REGION,3,1,0,1,0,2,2,1,1,1,1,0,0,0,0,0,0,0,0,0,No,0,2,0,1,0,0,Metropolitan Excluding CBD
9/07/2010,07.40.00,No,Collision with vehicle,REAR END(VEHICLES IN SAME LANE),No,Day,Yes,Not at intersection,Other injury accident,80 km/hr,144.94597,-37.82614,MELBOURNE,METROPOLITAN NORTH WEST REGION,2,1,0,0,1,1,1,1,0,0,1,0,0,1,0,0,0,0,0,0,No,0,2,0,1,1,0,Metropolitan Excluding CBD
9/07/2010,08.40.00,No,Collision with vehicle,REAR END(VEHICLES IN SAME LANE),No,Day,Yes,Not at intersection,Serious injury accident,100 km/hr,144.22406,-37.0431,MOUNT ALEXANDER,NORTHERN REGION,4,1,0,1,0,3,3,1,0,1,3,0,0,0,0,0,0,0,0,0,No,0,3,1,1,0,0,Other Towns
9/07/2010,09.25.00,No,Struck Pedestrian,FAR SIDE. PED HIT BY VEHICLE FROM THE LEFT,No,Day,Yes,T intersection,Other injury accident,50 km/hr,145.16451,-37.81179,WHITEHORSE,METROPOLITAN SOUTH EAST REGION,2,1,0,0,1,1,1,1,0,0,1,1,0,0,0,0,0,0,0,0,No,0,1,0,1,0,0,Metropolitan Excluding CBD
9/07/2010,09.00.00,No,Collision with vehicle,CROSS TRAFFIC(INTERSECTIONS ONLY),No,Day,Yes,Cross intersection,Serious injury accident,50 km/hr,144.94959,-37.83017,PORT PHILLIP,METROPOLITAN NORTH WEST REGION,2,1,0,1,0,1,1,1,1,0,1,0,0,0,0,0,0,0,0,1,No,0,2,0,1,0,0,Metropolitan Excluding CBD
9/07/2010,07.30.00,No,Collision with vehicle,RIGHT REAR.,No,Day,Yes,T intersection,Other injury accident,80 km/hr,144.26841,-38.08602,GOLDEN PLAINS,SOUTH WESTERN REGION,2,2,0,0,2,0,2,0,0,0,2,0,0,0,0,0,0,0,0,0,No,0,2,0,2,0,0,Country
9/07/2010,10.18.00,No,Collision with vehicle,RIGHT THROUGH,No,Day,Yes,Cross intersection,Other injury accident,60 km/hr,145.15036,-37.96217,DANDENONG,METROPOLITAN SOUTH EAST REGION,4,1,0,0,1,3,2,2,0,0,4,0,0,0,0,0,0,0,1,1,No,0,4,0,3,0,0,Metropolitan Excluding CBD
9/07/2010,09.46.00,No,Struck Pedestrian,PED NEAR SIDE. PED HIT BY VEHICLE FROM THE RIGHT.,No,Day,Yes,Cross intersection,Other injury accident,60 km/hr,145.02914,-37.7408,DAREBIN,METROPOLITAN NORTH WEST REGION,2,1,0,0,1,1,0,2,0,0,1,1,0,0,0,0,0,0,0,0,No,0,1,0,1,0,0,Metropolitan Excluding CBD
9/07/2010,10.05.00,No,Struck Pedestrian,PED NEAR SIDE. PED HIT BY VEHICLE FROM THE RIGHT.,No,Day,Yes,Not at intersection,Other injury accident,50 km/hr,146.31605,-36.35824,WANGARATTA,NORTH EASTERN REGION,2,1,0,0,1,1,0,2,0,0,1,1,0,0,0,0,1,0,0,0,No,0,1,0,1,0,0,Small Provincial Cities
9/07/2010,11.50.00,No,Collision with vehicle,REAR END(VEHICLES IN SAME LANE),No,Unk.,No,Cross intersection,Other injury accident,60 km/hr,144.97487,-37.75667,MORELAND,METROPOLITAN NORTH WEST REGION,2,1,0,0,1,1,1,1,0,0,2,0,0,0,0,0,0,0,0,0,No,0,2,0,2,0,0,Metropolitan Excluding CBD
9/07/2010,10.30.00,No,Collision with vehicle,VEHICLE STRIKES DOOR OF PARKED/STATIONARY VEHICLE,No,Day,Yes,Not at intersection,Other injury accident,40 km/hr,144.97868,-37.79711,YARRA,METROPOLITAN NORTH WEST REGION,2,1,0,0,1,1,1,1,1,0,1,0,0,0,0,0,0,0,0,1,No,0,2,0,1,0,0,Metropolitan Excluding CBD
9/07/2010,13.15.00,No,Struck Pedestrian,ANY MANOEUVRE INVOLVING PED NOT INCLUDED IN DCAs 100-108.,No,Day,Yes,Cross intersection,Serious injury accident,50 km/hr,144.99755,-37.77657,DAREBIN,METROPOLITAN NORTH WEST REGION,2,1,0,1,0,1,1,1,0,0,1,1,0,0,0,0,0,0,0,0,No,0,1,0,1,0,0,Metropolitan Excluding CBD
9/07/2010,10.50.00,No,Struck Pedestrian,ANY MANOEUVRE INVOLVING PED NOT INCLUDED IN DCAs 100-108.,No,Day,Yes,Cross intersection,Other injury accident,50 km/hr,143.85481,-37.56176,BALLARAT,WESTERN REGION,2,1,0,0,1,1,1,1,0,0,1,1,0,0,0,0,0,0,0,0,No,0,1,0,0,0,0,Large Provincial Cities
9/07/2010,13.29.00,No,Collision with vehicle,RIGHT THROUGH,No,Day,Yes,Cross intersection,Other injury accident,60 km/hr,144.98726,-37.83476,MELBOURNE,METROPOLITAN SOUTH EAST REGION,2,1,0,0,1,1,0,2,0,0,2,0,0,0,0,0,0,0,0,0,No,0,2,0,2,0,0,Metropolitan Excluding CBD
9/07/2010,10.15.00,No,Collision with vehicle,HEAD ON (NOT OVERTAKING),No,Day,Yes,Not at intersection,Other injury accident,60 km/hr,144.78453,-37.78877,BRIMBANK,METROPOLITAN NORTH WEST REGION,2,1,0,0,1,1,2,0,0,0,2,0,0,0,0,0,0,0,0,0,No,1,2,0,2,0,0,Metropolitan Excluding CBD
9/07/2010,10.45.00,No,Struck Pedestrian,FAR SIDE. PED HIT BY VEHICLE FROM THE LEFT,No,Day,Yes,T intersection,Other injury accident,60 km/hr,145.10243,-37.94123,KINGSTON,METROPOLITAN SOUTH EAST REGION,2,1,0,0,1,1,0,1,0,0,0,1,0,0,1,0,0,0,0,0,No,0,1,0,0,0,0,Metropolitan Excluding CBD
9/07/2010,14.00.00,No,Collision with vehicle,VEHICLE STRIKES ANOTHER VEH WHILE EMERGING FROM DRIVEWAY,No,Day,Yes,Not at intersection,Serious injury accident,80 km/hr,145.36246,-37.75498,YARRA RANGES,METROPOLITAN SOUTH EAST REGION,2,1,0,1,0,1,2,0,0,0,2,0,0,0,0,0,0,0,1,0,No,0,2,0,2,0,0,Metropolitan Excluding CBD
9/07/2010,13.00.00,No,No collision and no object struck,OUT OF CONTROL ON CARRIAGEWAY (ON STRAIGHT),No,Day,Yes,Not at intersection,Other injury accident,80 km/hr,144.95655,-37.69209,MORELAND,METROPOLITAN NORTH WEST REGION,1,1,0,0,1,0,0,1,0,0,0,0,0,1,0,0,0,0,0,0,No,0,1,0,0,1,0,Metropolitan Excluding CBD
9/07/2010,15.28.00,No,No collision and no object struck,OUT OF CONTROL ON CARRIAGEWAY (ON STRAIGHT),No,Day,Yes,Cross intersection,Other injury accident,70 km/hr,144.59737,-37.68558,MELTON,METROPOLITAN NORTH WEST REGION,1,1,0,0,1,0,0,1,0,0,0,0,0,1,0,0,0,0,0,0,No,1,1,0,0,1,0,Small Provincial Cities
9/07/2010,15.10.00,No,Struck Pedestrian,FAR SIDE. PED HIT BY VEHICLE FROM THE LEFT,No,Day,Yes,Cross intersection,Serious injury accident,60 km/hr,145.01227,-37.76463,DAREBIN,METROPOLITAN NORTH WEST REGION,2,1,0,1,0,1,0,2,0,0,1,1,0,0,0,0,0,1,0,0,No,0,1,0,1,0,0,Metropolitan Excluding CBD
9/07/2010,15.20.00,No,Collision with vehicle,RIGHT THROUGH,No,Day,Yes,T intersection,Serious injury accident,100 km/hr,144.99836,-37.34542,MITCHELL,NORTHERN REGION,5,2,0,1,1,3,3,1,0,3,1,0,0,1,0,0,0,0,0,0,No,0,2,0,1,1,0,Country
9/07/2010,15.30.00,No,Struck Pedestrian,FAR SIDE. PED HIT BY VEHICLE FROM THE LEFT,No,Day,Yes,Cross intersection,Other injury accident,50 km/hr,144.96316,-37.81425,MELBOURNE,METROPOLITAN NORTH WEST REGION,2,1,0,0,1,1,2,0,0,0,1,1,0,0,0,0,0,0,0,0,No,0,1,0,1,0,0,Metropolitan CBD Only
9/07/2010,14.46.00,No,Collision with vehicle,RIGHT REAR.,No,Day,Yes,Not at intersection,Other injury accident,60 km/hr,143.9176,-37.5501,BALLARAT,WESTERN REGION,6,5,0,0,5,1,4,2,0,3,3,0,0,0,0,0,0,0,0,0,No,0,3,0,2,0,0,Large Provincial Cities
9/07/2010,18.20.00,Yes,Collision with vehicle,RIGHT REAR.,No,Unk.,No,Cross intersection,Other injury accident,Not known,145.20791,-38.00325,DANDENONG,METROPOLITAN SOUTH EAST REGION,2,1,0,0,1,1,1,1,0,0,2,0,0,0,0,0,0,0,0,0,No,0,2,0,2,0,0,Metropolitan Excluding CBD
9/07/2010,18.00.00,Yes,Collision with vehicle,RIGHT THROUGH,No,Dark Street lights on,Yes,Cross intersection,Other injury accident,80 km/hr,145.31054,-37.76134,YARRA RANGES,METROPOLITAN SOUTH EAST REGION,3,1,0,0,1,2,1,2,0,1,2,0,0,0,0,0,0,0,0,2,No,0,2,0,2,0,0,Metropolitan Excluding CBD
9/07/2010,18.30.00,Yes,Collision with vehicle,RIGHT THROUGH,No,Dark Street lights on,Yes,Cross intersection,Serious injury accident,60 km/hr,145.03959,-37.87566,GLEN EIRA,METROPOLITAN SOUTH EAST REGION,6,2,0,2,0,4,3,3,0,4,2,0,0,0,0,0,0,0,0,1,No,0,2,0,2,0,0,Metropolitan Excluding CBD
9/07/2010,19.20.00,Yes,Vehicle overturned (no collision),OUT OF CONTROL ON CARRIAGEWAY (ON STRAIGHT),No,Dark Street lights on,Yes,T intersection,Other injury accident,60 km/hr,145.24962,-37.86974,KNOX,METROPOLITAN SOUTH EAST REGION,1,1,0,0,1,0,1,0,0,0,0,0,0,1,0,0,0,0,0,0,No,0,1,0,0,1,0,Metropolitan Excluding CBD
9/07/2010,17.40.00,Yes,Collision with vehicle,HEAD ON (NOT OVERTAKING),No,Dusk/Dawn,Yes,Not at intersection,Other injury accident,60 km/hr,143.8452,-37.57315,BALLARAT,WESTERN REGION,2,2,0,0,2,0,1,1,0,0,2,0,0,0,0,0,0,0,0,1,No,0,2,0,2,0,0,Large Provincial Cities
9/07/2010,18.37.00,Yes,Collision with vehicle,RIGHT THROUGH,No,Dark Street lights on,Yes,Multiple intersection,Other injury accident,60 km/hr,145.13987,-38.10873,FRANKSTON,METROPOLITAN SOUTH EAST REGION,2,1,0,0,1,1,1,1,0,0,1,0,0,1,0,0,0,0,0,0,No,0,2,0,1,1,0,Metropolitan Excluding CBD
9/07/2010,19.00.00,Yes,Collision with vehicle,RIGHT NEAR (INTERSECTIONS ONLY),No,Dark Street lights on,Yes,T intersection,Serious injury accident,40 km/hr,144.99245,-37.85669,STONNINGTON,METROPOLITAN SOUTH EAST REGION,2,1,0,1,0,1,0,2,0,0,1,0,0,1,0,0,0,0,0,1,No,0,2,0,1,1,0,Metropolitan Excluding CBD
9/07/2010,18.22.00,Yes,Collision with vehicle,REAR END(VEHICLES IN SAME LANE),No,Dark Street lights off,Yes,Not at intersection,Serious injury accident,100 km/hr,144.79128,-37.79932,BRIMBANK,METROPOLITAN NORTH WEST REGION,4,1,0,1,0,3,1,3,0,1,3,0,0,0,0,0,0,0,0,0,No,0,3,0,3,0,0,Metropolitan Excluding CBD
9/07/2010,19.45.00,Yes,Collision with vehicle,RIGHT THROUGH,No,Dark Street lights on,Yes,Cross intersection,Other injury accident,60 km/hr,145.2696,-37.81057,MAROONDAH,METROPOLITAN SOUTH EAST REGION,2,1,0,0,1,1,1,1,0,0,2,0,0,0,0,0,0,0,1,0,No,0,2,0,2,0,0,Metropolitan Excluding CBD
9/07/2010,15.20.00,No,Collision with vehicle,VEHICLE STRIKES ANOTHER VEH WHILE EMERGING FROM DRIVEWAY,No,Day,Yes,Not at intersection,Serious injury accident,60 km/hr,145.00519,-37.83196,STONNINGTON,METROPOLITAN SOUTH EAST REGION,3,2,0,2,0,1,3,0,0,0,1,0,0,2,0,0,0,0,0,0,No,0,3,0,1,2,0,Metropolitan Excluding CBD
9/07/2010,19.25.00,Yes,Collision with a fixed object,LEFT OFF CARRIAGEWAY INTO OBJECT/PARKED VEHICLE,No,Dark Street lights on,Yes,T intersection,Serious injury accident,60 km/hr,144.92518,-37.69487,MORELAND,METROPOLITAN NORTH WEST REGION,1,1,0,1,0,0,1,0,0,0,1,0,0,0,0,0,0,0,0,0,No,0,1,0,1,0,0,Metropolitan Excluding CBD
9/07/2010,18.48.00,Yes,Collision with vehicle,LANE SIDE SWIPE (VEHICLES IN PARALLEL LANES),Yes,Dark Street lights on,Yes,Not at intersection,Other injury accident,80 km/hr,145.25967,-37.85803,KNOX,METROPOLITAN SOUTH EAST REGION,2,1,0,0,1,1,1,0,1,0,0,0,0,0,1,0,0,0,0,0,No,0,2,0,0,0,0,Metropolitan Excluding CBD
9/07/2010,19.07.00,Yes,Collision with vehicle,VEHICLE COLLIDES WITH VEHICLE PARKED ON LEFT OF ROAD,No,Dark Street lights on,Yes,Not at intersection,Other injury accident,60 km/hr,145.23872,-37.94255,CASEY,METROPOLITAN SOUTH EAST REGION,1,1,0,0,1,0,1,0,1,0,0,0,0,0,0,0,0,0,0,0,No,0,2,0,1,0,0,Metropolitan Excluding CBD
9/07/2010,21.15.00,Yes,Vehicle overturned (no collision),OFF CARRIAGEWAY TO LEFT,No,Dark No street lights,Yes,Not at intersection,Other injury accident,80 km/hr,145.17873,-38.13104,FRANKSTON,METROPOLITAN SOUTH EAST REGION,1,1,0,0,1,0,0,1,0,0,1,0,0,0,0,0,0,0,0,1,No,0,1,0,1,0,0,Metropolitan Excluding CBD
9/07/2010,21.16.00,Yes,Collision with vehicle,REAR END(VEHICLES IN SAME LANE),No,Dark No street lights,Yes,Not at intersection,Other injury accident,80 km/hr,145.1796,-38.12988,FRANKSTON,METROPOLITAN SOUTH EAST REGION,3,1,0,0,1,2,2,1,0,1,2,0,0,0,0,0,0,0,0,2,No,0,2,0,2,0,0,Metropolitan Excluding CBD