ACCIDENT_DATE,ACCIDENT_TIME,ALCOHOLTIME,ACCIDENT_TYPE,DCA_CODE,HIT_RUN_FLAG,LIGHT_CONDITION,POLICE_ATTEND,ROAD_GEOMETRY,SEVERITY,SPEED_ZONE,LONGITUDE,LATITUDE,LGA_NAME,REGION_NAME,TOTAL_PERSONS,INJ_OR_FATAL,FATALITY,SERIOUSINJURY,OTHERINJURY,NONINJURED,MALES,FEMALES,BICYCLIST,PASSENGER,DRIVER,PEDESTRIAN,PILLION,MOTORIST,UNKNOWN,PED_CYCLIST_5_12,PED_CYCLIST_13_18,OLD_PEDESTRIAN,OLD_DRIVER,YOUNG_DRIVER,ALCOHOL_RELATED,UNLICENCSED,NO_OF_VEHICLES,HEAVYVEHICLE,PASSENGERVEHICLE,MOTORCYCLE,PUBLICVEHICLE,DEG_URBAN_NAME
11/10/2010,08.05.00,No,Struck Pedestrian,VEH STRIKES PED ON FOOTPATH/MEDIAN/TRAFFIC ISLAND.,No,Day,Yes,T intersection,Other injury accident,60 km/hr,144.89198,-37.71797,MOONEE VALLEY,METROPOLITAN NORTH WEST REGION,2,1,0,0,1,1,0,2,0,0,1,1,0,0,0,0,0,0,0,0,No,0,1,0,0,0,1,Metropolitan Excluding CBD
11/10/2010,08.05.00,No,Collision with vehicle,RIGHT THROUGH,Yes,Day,Yes,T intersection,Other injury accident,60 km/hr,145.07179,-37.81732,BOROONDARA,METROPOLITAN SOUTH EAST REGION,3,1,0,0,1,2,1,2,1,1,1,0,0,0,0,0,0,0,0,0,No,0,2,0,1,0,0,Metropolitan Excluding CBD
11/10/2010,08.45.00,No,No collision and no object struck,OUT OF CONTROL ON CARRIAGEWAY (ON STRAIGHT),No,Day,No,Not at intersection,Other injury accident,30km/hr,144.96666,-37.81576,MELBOURNE,METROPOLITAN NORTH WEST REGION,1,1,0,0,1,0,0,1,1,0,0,0,0,0,0,0,0,0,0,0,No,0,1,0,0,0,0,Metropolitan CBD Only
11/10/2010,08.10.00,No,Collision with vehicle,REAR END(VEHICLES IN SAME LANE),No,Day,Yes,T intersection,Serious injury accident,50 km/hr,145.12255,-38.07468,KINGSTON,METROPOLITAN SOUTH EAST REGION,5,3,0,1,2,2,3,2,0,2,3,0,0,0,0,0,0,0,0,0,No,0,7,0,7,0,0,Metropolitan Excluding CBD
11/10/2010,09.40.00,No,Struck Pedestrian,PED NEAR SIDE. PED HIT BY VEHICLE FROM THE RIGHT.,No,Day,Yes,Not at intersection,Serious injury accident,40 km/hr,144.9614,-37.77129,MORELAND,METROPOLITAN NORTH WEST REGION,2,1,0,1,0,1,1,1,1,0,0,1,0,0,0,0,1,0,0,0,No,0,1,0,0,0,0,Metropolitan Excluding CBD
11/10/2010,09.00.00,No,Collision with vehicle,REAR END(VEHICLES IN SAME LANE),No,Day,Yes,Not at intersection,Other injury accident,80 km/hr,145.23492,-37.97224,CASEY,METROPOLITAN SOUTH EAST REGION,5,4,0,0,4,1,2,3,0,2,3,0,0,0,0,0,0,0,0,0,No,0,3,0,3,0,0,Metropolitan Excluding CBD
11/10/2010,12.45.00,No,Struck Pedestrian,PED EMERGES FROM IN FRONT OF PARKED OR STATIONARY VEHICLE,No,Day,Yes,T intersection,Serious injury accident,60 km/hr,145.04493,-37.82306,BOROONDARA,METROPOLITAN SOUTH EAST REGION,2,1,0,1,0,1,0,2,0,0,1,1,0,0,0,0,0,1,0,0,No,0,1,0,1,0,0,Metropolitan Excluding CBD
11/10/2010,08.00.00,No,Vehicle overturned (no collision),OUT OF CONTROL ON CARRIAGEWAY (ON STRAIGHT),No,Day,No,Not at intersection,Other injury accident,100 km/hr,143.88239,-37.66933,BALLARAT,WESTERN REGION,6,6,0,0,6,0,3,3,0,5,1,0,0,0,0,0,0,0,0,0,No,0,1,0,1,0,0,Country
11/10/2010,13.20.00,No,Struck Pedestrian,PED EMERGES FROM IN FRONT OF PARKED OR STATIONARY VEHICLE,No,Day,Yes,Not at intersection,Other injury accident,60 km/hr,144.96571,-37.74313,MORELAND,METROPOLITAN NORTH WEST REGION,2,1,0,0,1,1,2,0,0,0,1,1,0,0,0,0,0,1,0,0,No,0,1,0,1,0,0,Metropolitan Excluding CBD
11/10/2010,06.06.00,No,collision with some other object,STRUCK OBJECT ON CARRIAGEWAY,No,Dusk/Dawn,Yes,Not at intersection,Fatal accident,100 km/hr,145.96619,-38.23912,BAW BAW,EASTERN REGION,1,1,1,0,0,0,1,0,0,0,0,0,0,1,0,0,0,0,0,0,No,0,1,0,0,1,0,Country
11/10/2010,12.05.00,No,Collision with a fixed object,OTHER ACCIDENTS-OFF STRAIGHT NOT INCLUDED IN DCAs 170-175,No,Day,No,Not at intersection,Other injury accident,Not known,145.02237,-37.75946,DAREBIN,METROPOLITAN NORTH WEST REGION,1,1,0,0,1,0,0,1,0,0,1,0,0,0,0,0,0,0,0,0,No,0,1,0,1,0,0,Metropolitan Excluding CBD
11/10/2010,15.40.00,No,Struck Pedestrian,PED STRUCK WALKING TO/FROM OR BOARDING/ALIGHTING VEHICLE.,No,Day,Yes,T intersection,Serious injury accident,60 km/hr,145.09067,-37.81396,BOROONDARA,METROPOLITAN SOUTH EAST REGION,2,1,0,1,0,1,1,1,0,0,1,1,0,0,0,0,1,0,0,0,No,0,1,0,1,0,0,Metropolitan Excluding CBD
11/10/2010,14.50.00,No,Collision with vehicle,OTHER OPPOSING MANOEUVRES NOT INCLUDED IN DCAs 120-125.,No,Day,No,Cross intersection,Other injury accident,Not known,145.35302,-38.05886,CASEY,METROPOLITAN SOUTH EAST REGION,2,1,0,0,1,1,0,2,0,0,2,0,0,0,0,0,0,0,0,0,No,0,2,0,2,0,0,Metropolitan Excluding CBD
11/10/2010,11.45.00,No,Collision with vehicle,RIGHT THROUGH,No,Day,Yes,Cross intersection,Other injury accident,60 km/hr,145.34402,-38.03089,CASEY,METROPOLITAN SOUTH EAST REGION,3,1,0,0,1,2,0,3,0,1,2,0,0,0,0,0,0,0,0,0,No,0,2,0,2,0,0,Metropolitan Excluding CBD
11/10/2010,16.00.00,No,Collision with vehicle,REAR END(VEHICLES IN SAME LANE),No,Day,Yes,Not at intersection,Serious injury accident,100 km/hr,145.32622,-38.03354,CASEY,METROPOLITAN SOUTH EAST REGION,6,1,0,1,0,5,4,2,0,1,5,0,0,0,0,0,0,0,0,1,No,0,5,0,5,0,0,Metropolitan Excluding CBD
11/10/2010,17.00.00,No,Collision with a fixed object,RIGHT OFF CARRIAGEWAY INTO OBJECT/PARKED VEHICLE,No,Day,Yes,Not at intersection,Serious injury accident,60 km/hr,145.28505,-37.86261,KNOX,METROPOLITAN SOUTH EAST REGION,2,1,0,1,0,1,1,1,0,1,1,0,0,0,0,0,0,0,0,1,No,0,1,0,1,0,0,Metropolitan Excluding CBD
11/10/2010,16.30.00,No,Collision with vehicle,RIGHT THROUGH,No,Day,Yes,Cross intersection,Serious injury accident,60 km/hr,145.06477,-37.8901,GLEN EIRA,METROPOLITAN SOUTH EAST REGION,2,1,0,1,0,1,2,0,1,0,1,0,0,0,0,0,1,0,0,0,No,0,2,0,1,0,0,Metropolitan Excluding CBD
11/10/2010,16.50.00,No,Collision with a fixed object,LEFT OFF CARRIAGEWAY INTO OBJECT/PARKED VEHICLE,No,Day,Yes,T intersection,Other injury accident,50 km/hr,145.03478,-37.64051,WHITTLESEA,METROPOLITAN NORTH WEST REGION,1,1,0,0,1,0,0,1,0,0,1,0,0,0,0,0,0,0,0,0,No,0,1,0,1,0,0,Metropolitan Excluding CBD
11/10/2010,18.55.00,Yes,Collision with vehicle,RIGHT REAR.,No,Day,Yes,Cross intersection,Other injury accident,60 km/hr,143.83284,-37.57231,BALLARAT,WESTERN REGION,2,1,0,0,1,1,1,1,0,0,2,0,0,0,0,0,0,0,0,1,No,0,2,0,2,0,0,Large Provincial Cities
11/10/2010,17.35.00,No,Collision with vehicle,RIGHT THROUGH,No,Day,Yes,Cross intersection,Other injury accident,60 km/hr,145.109,-37.88251,MONASH,METROPOLITAN SOUTH EAST REGION,3,1,0,0,1,2,1,2,0,1,2,0,0,0,0,0,0,0,0,1,No,0,2,0,2,0,0,Metropolitan Excluding CBD
11/10/2010,20.10.00,Yes,Collision with vehicle,RIGHT THROUGH,No,Dark Street lights on,Yes,Cross intersection,Serious injury accident,60 km/hr,144.25025,-36.77979,BENDIGO,NORTHERN REGION,5,2,0,1,1,3,2,3,0,3,2,0,0,0,0,0,0,0,0,1,No,0,2,0,2,0,0,Large Provincial Cities
11/10/2010,19.04.00,Yes,Collision with vehicle,CROSS TRAFFIC(INTERSECTIONS ONLY),No,Dusk/Dawn,Yes,Cross intersection,Other injury accident,50 km/hr,144.88496,-37.71716,MOONEE VALLEY,METROPOLITAN NORTH WEST REGION,2,1,0,0,1,1,1,1,0,0,2,0,0,0,0,0,0,0,1,0,No,0,2,0,1,0,1,Metropolitan Excluding CBD
11/10/2010,17.30.00,No,Collision with vehicle,HEAD ON (NOT OVERTAKING),No,Day,Yes,T intersection,Serious injury accident,80 km/hr,144.70608,-37.90076,WYNDHAM,METROPOLITAN NORTH WEST REGION,2,1,0,1,0,1,1,1,0,0,2,0,0,0,0,0,0,0,0,0,No,0,2,1,1,0,0,Country
11/10/2010,19.36.00,Yes,Collision with vehicle,LANE SIDE SWIPE (VEHICLES IN PARALLEL LANES),No,Day,Yes,Not at intersection,Other injury accident,80 km/hr,144.88844,-37.63579,HUME,METROPOLITAN NORTH WEST REGION,3,2,0,0,2,1,2,1,0,1,2,0,0,0,0,0,0,0,0,0,No,1,2,0,2,0,0,Metropolitan Excluding CBD
11/10/2010,16.00.00,No,Collision with vehicle,HEAD ON (NOT OVERTAKING),No,Day,Yes,Not at intersection,Serious injury accident,60 km/hr,144.75855,-37.70909,MELTON,METROPOLITAN NORTH WEST REGION,5,3,0,1,2,2,2,3,0,3,2,0,0,0,0,0,0,0,0,0,No,0,2,0,2,0,0,Metropolitan Excluding CBD
11/10/2010,18.00.00,Yes,Collision with a fixed object,OFF LEFT BEND INTO OBJECT/PARKED VEHICLE,No,Day,Yes,T intersection,Other injury accident,50 km/hr,145.25352,-38.03227,CASEY,METROPOLITAN SOUTH EAST REGION,1,1,0,0,1,0,1,0,0,0,1,0,0,0,0,0,0,0,0,0,Yes,0,3,0,3,0,0,Metropolitan Excluding CBD
11/10/2010,18.00.00,Yes,Collision with vehicle,VEHICLE STRIKES DOOR OF PARKED/STATIONARY VEHICLE,No,Dusk/Dawn,No,Not at intersection,Other injury accident,50 km/hr,145.16782,-37.90311,MONASH,METROPOLITAN SOUTH EAST REGION,2,1,0,0,1,1,2,0,1,0,1,0,0,0,0,0,0,0,0,0,No,0,2,0,1,0,0,Metropolitan Excluding CBD
11/10/2010,11.30.00,No,Collision with vehicle,REAR END(VEHICLES IN SAME LANE),No,Day,No,Multiple intersection,Other injury accident,70 km/hr,144.82931,-37.82602,HOBSONS BAY,METROPOLITAN NORTH WEST REGION,3,1,0,0,1,2,2,0,0,0,3,0,0,0,0,0,0,0,0,0,No,0,3,1,2,0,0,Metropolitan Excluding CBD
11/10/2010,11.15.00,No,Collision with vehicle,RIGHT REAR.,No,Day,No,Cross intersection,Other injury accident,60 km/hr,145.3131,-37.79827,YARRA RANGES,METROPOLITAN SOUTH EAST REGION,2,1,0,0,1,1,0,2,0,0,2,0,0,0,0,0,0,0,0,1,No,0,2,0,2,0,0,Metropolitan Excluding CBD
11/10/2010,15.20.00,No,Collision with vehicle,VEHICLE STRIKES ANOTHER VEH WHILE EMERGING FROM DRIVEWAY,No,Day,Yes,Not at intersection,Serious injury accident,50 km/hr,144.92195,-37.76166,MOONEE VALLEY,METROPOLITAN NORTH WEST REGION,2,1,0,1,0,1,1,1,0,0,1,0,0,1,0,0,0,0,0,0,No,0,2,0,1,1,0,Metropolitan Excluding CBD
11/10/2010,09.45.00,No,Collision with vehicle,LEFT TURN SIDESWIPE,No,Day,No,T intersection,Other injury accident,60 km/hr,144.95548,-37.80968,MELBOURNE,METROPOLITAN NORTH WEST REGION,2,1,0,0,1,1,2,0,1,0,1,0,0,0,0,0,0,0,0,0,No,0,2,0,1,0,0,Metropolitan Excluding CBD
11/10/2010,17.50.00,No,Collision with a fixed object,LEFT OFF CARRIAGEWAY INTO OBJECT/PARKED VEHICLE,No,Day,No,T intersection,Serious injury accident,60 km/hr,145.17377,-37.93526,DANDENONG,METROPOLITAN SOUTH EAST REGION,2,1,0,1,0,1,0,1,1,0,1,0,0,0,0,0,0,0,0,0,No,0,2,0,1,0,0,Metropolitan Excluding CBD
12/10/2010,04.00.00,Yes,Vehicle overturned (no collision),OFF CARRIAGEWAY TO RIGHT,No,Dark Street lights on,No,Not at intersection,Serious injury accident,100 km/hr,143.93923,-37.67257,BALLARAT,WESTERN REGION,6,5,0,3,2,1,2,4,0,5,1,0,0,0,0,0,0,0,0,1,No,0,1,0,1,0,0,Country
12/10/2010,07.12.00,No,collision with some other object,OFF END OF ROAD/T-INTERSECTION.,No,Dark Street lights on,Yes,T intersection,Other injury accident,60 km/hr,145.96796,-36.55491,BENALLA,NORTH EASTERN REGION,1,1,0,0,1,0,1,0,0,0,0,0,0,1,0,0,0,0,0,0,No,0,1,0,0,1,0,Other Towns
12/10/2010,07.10.00,No,No collision and no object struck,OUT OF CONTROL ON CARRIAGEWAY (ON STRAIGHT),No,Day,Yes,Cross intersection,Serious injury accident,40 km/hr,144.97085,-37.77724,MORELAND,METROPOLITAN NORTH WEST REGION,2,1,0,1,0,1,1,1,0,0,1,0,0,1,0,0,0,0,0,0,No,0,2,0,1,1,0,Metropolitan Excluding CBD
12/10/2010,08.29.00,No,Struck Pedestrian,PED EMERGES FROM IN FRONT OF PARKED OR STATIONARY VEHICLE,No,Day,Yes,Not at intersection,Other injury accident,50 km/hr,145.33856,-38.05054,CASEY,METROPOLITAN SOUTH EAST REGION,2,1,0,0,1,1,2,0,0,0,1,1,0,0,0,0,1,0,0,0,No,0,1,0,1,0,0,Metropolitan Excluding CBD
12/10/2010,06.45.00,No,Collision with vehicle,HEAD ON(OVERTAKING),No,Day,Yes,Not at intersection,Serious injury accident,100 km/hr,145.28469,-38.2029,CASEY,METROPOLITAN SOUTH EAST REGION,3,2,0,1,1,1,3,0,0,0,3,0,0,0,0,0,0,0,0,2,No,1,3,0,3,0,0,Country
12/10/2010,09.45.00,No,Collision with vehicle,RIGHT REAR.,No,Day,Yes,Not at intersection,Other injury accident,60 km/hr,145.28903,-38.11746,CASEY,METROPOLITAN SOUTH EAST REGION,2,1,0,0,1,1,1,1,0,0,2,0,0,0,0,0,0,0,0,1,No,0,2,0,2,0,0,Metropolitan Excluding CBD
12/10/2010,10.55.00,No,Struck Pedestrian,VEH STRIKES PED ON FOOTPATH/MEDIAN/TRAFFIC ISLAND.,Yes,Unk.,No,Not at intersection,Other injury accident,Not known,145.21121,-37.98209,DANDENONG,METROPOLITAN SOUTH EAST REGION,2,1,0,0,1,1,0,1,0,0,0,1,0,0,1,0,0,0,0,0,No,0,1,0,0,0,0,Metropolitan Excluding CBD
12/10/2010,08.50.00,No,Collision with vehicle,CROSS TRAFFIC(INTERSECTIONS ONLY),No,Day,Yes,Cross intersection,Other injury accident,60 km/hr,142.03419,-37.73722,SOUTHERN GRAMPIANS,SOUTH WESTERN REGION,2,1,0,0,1,1,2,0,0,0,2,0,0,0,0,0,0,0,0,0,No,0,2,0,2,0,0,Other Towns
12/10/2010,07.05.00,No,Collision with vehicle,CROSS TRAFFIC(INTERSECTIONS ONLY),No,Day,Yes,Cross intersection,Serious injury accident,100 km/hr,142.08181,-34.25176,MILDURA,WESTERN REGION,2,2,0,1,1,0,1,1,0,0,2,0,0,0,0,0,0,0,0,0,No,0,2,0,2,0,0,Country
12/10/2010,09.30.00,No,Collision with vehicle,LANE CHANGE RIGHT (NOT OVERTAKING),No,Day,Yes,Not at intersection,Other injury accident,60 km/hr,145.07025,-37.75313,BANYULE,METROPOLITAN NORTH WEST REGION,2,1,0,0,1,1,0,2,0,0,2,0,0,0,0,0,0,0,0,0,No,0,2,0,2,0,0,Metropolitan Excluding CBD
12/10/2010,06.15.00,No,Collision with vehicle,HEAD ON (NOT OVERTAKING),No,Dusk/Dawn,Yes,Not at intersection,Serious injury accident,100 km/hr,144.71691,-37.11092,MACEDON RANGES,NORTHERN REGION,3,3,0,2,1,0,2,1,0,1,2,0,0,0,0,0,0,0,0,1,No,0,2,0,2,0,0,Country
12/10/2010,12.17.00,No,Collision with vehicle,RIGHT THROUGH,No,Day,Yes,Cross intersection,Other injury accident,60 km/hr,146.54104,-38.19646,LATROBE,EASTERN REGION,2,2,0,0,2,0,2,0,0,0,2,0,0,0,0,0,0,0,0,0,No,0,2,0,2,0,0,Small Provincial Cities
12/10/2010,13.15.00,No,Struck Pedestrian,FAR SIDE. PED HIT BY VEHICLE FROM THE LEFT,No,Day,Yes,Not at intersection,Serious injury accident,40 km/hr,144.74123,-37.73285,MELTON,METROPOLITAN NORTH WEST REGION,4,1,0,1,0,3,1,3,0,2,1,1,0,0,0,0,0,0,0,0,No,0,1,0,1,0,0,Metropolitan Excluding CBD
12/10/2010,13.12.00,No,Collision with vehicle,HEAD ON (NOT OVERTAKING),No,Day,Yes,T intersection,Other injury accident,50 km/hr,145.01763,-37.7682,DAREBIN,METROPOLITAN NORTH WEST REGION,2,1,0,0,1,1,1,1,0,0,2,0,0,0,0,0,0,0,0,1,No,0,2,0,2,0,0,Metropolitan Excluding CBD
12/10/2010,09.02.00,No,Collision with vehicle,LEFT TURN SIDESWIPE,No,Day,Yes,Cross intersection,Other injury accident,50 km/hr,144.96326,-37.80456,MELBOURNE,METROPOLITAN NORTH WEST REGION,2,1,0,0,1,1,1,1,1,0,1,0,0,0,0,0,0,0,0,0,No,0,2,0,1,0,0,Metropolitan Excluding CBD
12/10/2010,09.40.00,No,Collision with vehicle,RIGHT FAR (INTERSECTIONS ONLY),No,Day,No,T intersection,Serious injury accident,60 km/hr,144.92518,-37.69487,MORELAND,METROPOLITAN NORTH WEST REGION,2,1,0,1,0,1,1,1,0,0,2,0,0,0,0,0,0,0,0,0,No,0,2,0,2,0,0,Metropolitan Excluding CBD
12/10/2010,14.20.00,No,Struck Pedestrian,PED NEAR SIDE. PED HIT BY VEHICLE FROM THE RIGHT.,No,Day,Yes,Not at intersection,Other injury accident,30km/hr,144.96763,-37.81788,MELBOURNE,METROPOLITAN NORTH WEST REGION,2,1,0,0,1,1,1,1,0,0,1,1,0,0,0,0,0,0,0,0,No,0,1,0,0,0,1,Metropolitan Excluding CBD
12/10/2010,08.45.00,No,Collision with vehicle,REAR END(VEHICLES IN SAME LANE),No,Day,No,Cross intersection,Other injury accident,60 km/hr,145.02351,-37.81313,BOROONDARA,METROPOLITAN SOUTH EAST REGION,3,1,0,0,1,2,2,1,0,0,3,0,0,0,0,0,0,0,0,1,No,0,3,0,3,0,0,Metropolitan Excluding CBD
12/10/2010,16.00.00,No,Collision with a fixed object,OFF RIGHT BEND INTO OBJECT/PARKED VEHICLE,No,Day,Yes,Not at intersection,Other injury accident,100 km/hr,142.50923,-37.13647,NORTHERN GRAMPIANS,WESTERN REGION,2,1,0,0,1,1,0,2,0,1,1,0,0,0,0,0,0,0,0,1,No,0,1,0,1,0,0,Country
12/10/2010,15.20.00,No,Collision with a fixed object,LEFT OFF CARRIAGEWAY INTO OBJECT/PARKED VEHICLE,No,Day,Yes,Not at intersection,Other injury accident,70 km/hr,144.47566,-38.1919,GEELONG,SOUTH WESTERN REGION,2,1,0,0,1,1,2,0,0,1,1,0,0,0,0,0,0,0,0,0,No,0,1,0,1,0,0,Other Towns
12/10/2010,15.26.00,No,Collision with vehicle,LANE CHANGE RIGHT (NOT OVERTAKING),No,Day,Yes,Cross intersection,Serious injury accident,50 km/hr,144.96068,-37.81496,MELBOURNE,METROPOLITAN NORTH WEST REGION,2,1,0,1,0,1,2,0,1,0,1,0,0,0,0,0,0,0,0,1,No,0,2,0,1,0,0,Metropolitan CBD Only
12/10/2010,13.40.00,No,Collision with vehicle,RIGHT THROUGH,No,Day,Yes,T intersection,Serious injury accident,60 km/hr,145.05892,-37.86004,STONNINGTON,METROPOLITAN SOUTH EAST REGION,4,1,0,1,0,3,2,2,0,2,2,0,0,0,0,0,0,0,0,1,No,0,2,0,2,0,0,Metropolitan Excluding CBD
12/10/2010,16.48.00,No,Collision with vehicle,HEAD ON (NOT OVERTAKING),No,Day,Yes,Not at intersection,Other injury accident,100 km/hr,144.1258,-38.34862,SURF COAST,SOUTH WESTERN REGION,2,1,0,0,1,1,2,0,0,0,2,0,0,0,0,0,0,0,0,0,No,0,2,0,2,0,0,Country
12/10/2010,18.30.00,Yes,No collision and no object struck,OFF CARRIAGEWAY TO LEFT,No,Dark Street lights on,Yes,Not at intersection,Serious injury accident,60 km/hr,145.10069,-37.81517,BOROONDARA,METROPOLITAN SOUTH EAST REGION,1,1,0,1,0,0,1,0,0,0,0,0,0,1,0,0,0,0,0,0,No,0,1,0,0,1,0,Metropolitan Excluding CBD
12/10/2010,19.55.00,Yes,Struck Pedestrian,FAR SIDE. PED HIT BY VEHICLE FROM THE LEFT,No,Dark Street lights on,Yes,Cross intersection,Serious injury accident,60 km/hr,144.96794,-37.83339,PORT PHILLIP,METROPOLITAN NORTH WEST REGION,2,1,0,1,0,1,1,1,0,0,1,1,0,0,0,0,0,0,0,1,No,0,1,0,1,0,0,Metropolitan Excluding CBD
12/10/2010,18.55.00,Yes,Collision with vehicle,VEHICLE STRIKES ANOTHER VEH WHILE EMERGING FROM DRIVEWAY,No,Day,Yes,Not at intersection,Other injury accident,60 km/hr,145.29497,-38.11468,CASEY,METROPOLITAN SOUTH EAST REGION,2,2,0,0,2,0,1,1,0,0,2,0,0,0,0,0,0,0,0,1,No,0,2,0,2,0,0,Metropolitan Excluding CBD
12/10/2010,19.15.00,Yes,Collision with vehicle,RIGHT THROUGH,No,Dark Street lights on,Yes,T intersection,Other injury accident,60 km/hr,145.22735,-37.81584,MAROONDAH,METROPOLITAN SOUTH EAST REGION,2,1,0,0,1,1,1,1,0,0,2,0,0,0,0,0,0,0,0,0,No,0,2,0,2,0,0,Metropolitan Excluding CBD
12/10/2010,18.56.00,Yes,Collision with vehicle,CROSS TRAFFIC(INTERSECTIONS ONLY),No,Dusk/Dawn,Yes,Cross intersection,Other injury accident,50 km/hr,145.04372,-37.86927,STONNINGTON,METROPOLITAN SOUTH EAST REGION,2,1,0,0,1,1,1,1,0,0,2,0,0,0,0,0,0,0,0,0,No,0,2,0,2,0,0,Metropolitan Excluding CBD
12/10/2010,18.53.00,Yes,Vehicle overturned (no collision),OFF CARRIAGEWAY ON LEFT BEND,No,Dusk/Dawn,Yes,Not at intersection,Serious injury accident,70 km/hr,145.50247,-37.95319,CARDINIA,METROPOLITAN SOUTH EAST REGION,1,1,0,1,0,0,0,1,0,0,1,0,0,0,0,0,0,0,0,0,No,0,1,0,1,0,0,Country
12/10/2010,21.00.00,Yes,Collision with vehicle,VEHICLE COLLIDES WITH VEHICLE PARKED ON LEFT OF ROAD,No,Dark Street lights on,Yes,Not at intersection,Serious injury accident,50 km/hr,144.96201,-37.74069,MORELAND,METROPOLITAN NORTH WEST REGION,1,1,0,1,0,0,1,0,0,0,1,0,0,0,0,0,0,0,0,0,No,0,3,0,3,0,0,Metropolitan Excluding CBD
12/10/2010,17.20.00,No,Collision with vehicle,RIGHT REAR.,No,Day,Yes,T intersection,Other injury accident,100 km/hr,142.89294,-37.22245,ARARAT,WESTERN REGION,2,2,0,0,2,0,2,0,0,0,2,0,0,0,0,0,0,0,0,0,No,0,2,1,1,0,0,Country
12/10/2010,23.00.00,Yes,Vehicle overturned (no collision),OFF CARRIAGEWAY TO LEFT,No,Dark No street lights,Yes,Not at intersection,Serious injury accident,100 km/hr,144.27002,-38.17209,GEELONG,SOUTH WESTERN REGION,1,1,0,1,0,0,0,1,0,0,1,0,0,0,0,0,0,0,0,1,No,0,1,0,1,0,0,Country
12/10/2010,16.30.00,No,Collision with vehicle,RIGHT THROUGH,No,Day,Yes,T intersection,Serious injury accident,80 km/hr,144.91948,-37.63944,HUME,METROPOLITAN NORTH WEST REGION,6,2,0,2,0,4,3,1,0,3,3,0,0,0,0,0,0,0,0,1,No,0,3,0,3,0,0,Metropolitan Excluding CBD
12/10/2010,18.00.00,Yes,No collision and no object struck,OUT OF CONTROL ON CARRIAGEWAY (ON STRAIGHT),No,Day,No,Cross intersection,Other injury accident,50 km/hr,144.97721,-37.80575,YARRA,METROPOLITAN NORTH WEST REGION,1,1,0,0,1,0,1,0,0,0,0,0,0,1,0,0,0,0,0,0,No,0,1,0,0,1,0,Metropolitan Excluding CBD
12/10/2010,16.45.00,No,Collision with vehicle,RIGHT THROUGH,No,Day,Yes,T intersection,Other injury accident,70 km/hr,145.27559,-37.88321,KNOX,METROPOLITAN SOUTH EAST REGION,4,4,0,0,4,0,1,3,0,2,2,0,0,0,0,0,0,0,0,1,No,0,2,0,2,0,0,Metropolitan Excluding CBD
12/10/2010,20.00.00,Yes,Struck Pedestrian,PED NEAR SIDE. PED HIT BY VEHICLE FROM THE RIGHT.,No,Dark Street lights on,Yes,T intersection,Serious injury accident,60 km/hr,144.66021,-37.8974,WYNDHAM,METROPOLITAN NORTH WEST REGION,2,1,0,1,0,1,2,0,0,0,1,1,0,0,0,0,0,0,0,0,No,0,1,0,1,0,0,Metropolitan Excluding CBD
12/10/2010,14.55.00,No,Collision with vehicle,RIGHT REAR.,No,Day,No,Not at intersection,Other injury accident,100 km/hr,144.95058,-38.47957,MORNINGTON PENINSULA,METROPOLITAN SOUTH EAST REGION,3,2,0,0,2,1,1,2,0,1,2,0,0,0,0,0,0,0,0,1,No,0,2,0,2,0,0,Country
12/10/2010,14.00.00,No,Collision with vehicle,RIGHT TURN SIDESWIPE,No,Day,No,Not at intersection,Other injury accident,50 km/hr,144.86011,-37.81191,MARIBYRNONG,METROPOLITAN NORTH WEST REGION,2,1,0,0,1,1,2,0,0,0,2,0,0,0,0,0,0,0,0,0,No,0,2,0,2,0,0,Metropolitan Excluding CBD
12/10/2010,18.30.00,Yes,Collision with vehicle,LEFT REAR,No,Dusk/Dawn,No,Multiple intersection,Other injury accident,Not known,145.15632,-37.80083,WHITEHORSE,METROPOLITAN SOUTH EAST REGION,2,1,0,0,1,1,1,1,0,0,2,0,0,0,0,0,0,0,0,1,No,0,2,0,2,0,0,Metropolitan Excluding CBD
12/10/2010,15.45.00,No,Collision with vehicle,REAR END(VEHICLES IN SAME LANE),No,Day,No,Not at intersection,Other injury accident,60 km/hr,145.9327,-38.15958,BAW BAW,EASTERN REGION,3,1,0,0,1,2,2,1,0,0,3,0,0,0,0,0,0,0,0,1,No,0,3,0,3,0,0,Small Provincial Cities
12/10/2010,17.30.00,No,Collision with vehicle,CROSS TRAFFIC(INTERSECTIONS ONLY),No,Day,No,Cross intersection,Other injury accident,50 km/hr,145.12738,-37.93504,KINGSTON,METROPOLITAN SOUTH EAST REGION,3,1,0,0,1,2,2,1,0,1,2,0,0,0,0,0,0,0,0,0,No,0,2,0,2,0,0,Metropolitan Excluding CBD
12/10/2010,14.00.00,No,No collision and no object struck,OUT OF CONTROL ON CARRIAGEWAY (ON STRAIGHT),No,Day,No,Not at intersection,Serious injury accident,50 km/hr,145.00495,-37.89036,GLEN EIRA,METROPOLITAN SOUTH EAST REGION,1,1,0,1,0,0,1,0,0,0,0,0,0,1,0,0,0,0,0,0,No,0,1,0,0,1,0,Metropolitan Excluding CBD
12/10/2010,16.30.00,No,Collision with a fixed object,OFF RIGHT BEND INTO OBJECT/PARKED VEHICLE,No,Day,Yes,Not at intersection,Other injury accident,80 km/hr,145.54458,-38.5862,BASS COAST,EASTERN REGION,1,1,0,0,1,0,1,0,0,0,1,0,0,0,0,0,0,0,0,0,No,0,1,0,1,0,0,Country