ACCIDENT_DATE,ACCIDENT_TIME,ALCOHOLTIME,ACCIDENT_TYPE,DCA_CODE,HIT_RUN_FLAG,LIGHT_CONDITION,POLICE_ATTEND,ROAD_GEOMETRY,SEVERITY,SPEED_ZONE,LONGITUDE,LATITUDE,LGA_NAME,REGION_NAME,TOTAL_PERSONS,INJ_OR_FATAL,FATALITY,SERIOUSINJURY,OTHERINJURY,NONINJURED,MALES,FEMALES,BICYCLIST,PASSENGER,DRIVER,PEDESTRIAN,PILLION,MOTORIST,UNKNOWN,PED_CYCLIST_5_12,PED_CYCLIST_13_18,OLD_PEDESTRIAN,OLD_DRIVER,YOUNG_DRIVER,ALCOHOL_RELATED,UNLICENCSED,NO_OF_VEHICLES,HEAVYVEHICLE,PASSENGERVEHICLE,MOTORCYCLE,PUBLICVEHICLE,DEG_URBAN_NAME
5/11/2010,15.25.00,No,Collision with vehicle,LANE SIDE SWIPE (VEHICLES IN PARALLEL LANES),Yes,Day,Yes,Not at intersection,Other injury accident,100 km/hr,144.81801,-37.76453,BRIMBANK,METROPOLITAN NORTH WEST REGION,5,1,0,0,1,4,5,0,0,0,5,0,0,0,0,0,0,0,0,1,No,0,5,0,5,0,0,Metropolitan Excluding CBD
5/11/2010,17.25.00,Yes,Collision with vehicle,VEHICLE STRIKES ANOTHER VEH WHILE EMERGING FROM DRIVEWAY,No,Day,Yes,T intersection,Other injury accident,60 km/hr,145.05523,-37.83005,BOROONDARA,METROPOLITAN SOUTH EAST REGION,2,1,0,0,1,1,2,0,1,0,1,0,0,0,0,0,0,0,0,0,No,0,2,0,1,0,0,Metropolitan Excluding CBD
5/11/2010,17.59.00,Yes,Collision with vehicle,VEHICLE COLLIDES WITH VEHICLE PARKED ON LEFT OF ROAD,No,Day,Yes,Not at intersection,Other injury accident,50 km/hr,144.99807,-37.70671,DAREBIN,METROPOLITAN NORTH WEST REGION,2,1,0,0,1,1,1,0,0,0,2,0,0,0,0,0,0,0,0,1,No,0,3,0,3,0,0,Metropolitan Excluding CBD
5/11/2010,15.06.00,No,Collision with vehicle,REAR END(VEHICLES IN SAME LANE),No,Day,No,Cross intersection,Serious injury accident,50 km/hr,144.9629,-37.80666,MELBOURNE,METROPOLITAN NORTH WEST REGION,3,1,0,1,0,2,2,1,0,1,2,0,0,0,0,0,0,0,0,0,No,0,2,0,2,0,0,Metropolitan Excluding CBD
5/11/2010,19.54.00,Yes,Collision with vehicle,RIGHT TURN SIDESWIPE,No,Dark Street lights off,Yes,Not at intersection,Other injury accident,50 km/hr,144.96368,-37.80216,MELBOURNE,METROPOLITAN NORTH WEST REGION,2,1,0,0,1,1,2,0,1,0,1,0,0,0,0,0,0,0,0,0,No,0,2,0,1,0,0,Metropolitan Excluding CBD
5/11/2010,15.20.00,No,Collision with vehicle,REAR END(VEHICLES IN SAME LANE),No,Day,Yes,Not at intersection,Serious injury accident,70 km/hr,145.12529,-38.1299,FRANKSTON,METROPOLITAN SOUTH EAST REGION,2,1,0,1,0,1,0,2,1,0,1,0,0,0,0,0,0,0,1,0,No,0,2,0,1,0,0,Metropolitan Excluding CBD
5/11/2010,17.30.00,Yes,Collision with vehicle,REAR END(VEHICLES IN SAME LANE),No,Day,Yes,Not at intersection,Other injury accident,110 km/hr,144.62703,-37.70685,MELTON,METROPOLITAN NORTH WEST REGION,3,1,0,0,1,2,1,2,0,0,3,0,0,0,0,0,0,0,0,1,No,0,3,0,3,0,0,Country
5/11/2010,02.25.00,Yes,Vehicle overturned (no collision),OFF CARRIAGEWAY TO LEFT,No,Dark No street lights,Yes,Not at intersection,Other injury accident,100 km/hr,141.15112,-35.15695,MILDURA,WESTERN REGION,1,1,0,0,1,0,1,0,0,0,1,0,0,0,0,0,0,0,0,1,No,0,1,0,1,0,0,Country
5/11/2010,18.45.00,Yes,Struck Pedestrian,FAR SIDE. PED HIT BY VEHICLE FROM THE LEFT,No,Day,Yes,T intersection,Serious injury accident,50 km/hr,144.95324,-37.81709,MELBOURNE,METROPOLITAN NORTH WEST REGION,2,1,0,1,0,1,1,1,0,0,1,1,0,0,0,0,0,0,0,1,No,0,1,0,1,0,0,Metropolitan CBD Only
5/11/2010,05.30.00,Yes,Struck animal,STRUCK ANIMAL,No,Dark No street lights,Yes,T intersection,Serious injury accident,100 km/hr,145.70906,-38.2384,CARDINIA,METROPOLITAN SOUTH EAST REGION,3,3,0,3,0,0,3,0,0,1,2,0,0,0,0,0,0,0,0,0,No,0,2,0,1,0,0,Country
5/11/2010,15.05.00,No,Collision with a fixed object,RIGHT OFF CARRIAGEWAY INTO OBJECT/PARKED VEHICLE,No,Day,Yes,Not at intersection,Serious injury accident,110 km/hr,145.78499,-36.61594,STRATHBOGIE,NORTH EASTERN REGION,1,1,0,1,0,0,0,1,0,0,1,0,0,0,0,0,0,0,1,0,No,0,1,0,1,0,0,Country
5/11/2010,15.00.00,No,Collision with vehicle,REAR END(VEHICLES IN SAME LANE),Yes,Day,No,Not at intersection,Other injury accident,50 km/hr,144.35447,-38.07671,GEELONG,SOUTH WESTERN REGION,2,1,0,0,1,1,1,1,0,0,2,0,0,0,0,0,0,0,0,0,No,0,2,0,2,0,0,Large Provincial Cities
5/11/2010,16.00.00,Yes,Collision with vehicle,CROSS TRAFFIC(INTERSECTIONS ONLY),No,Day,Yes,Cross intersection,Other injury accident,50 km/hr,144.27448,-36.76423,BENDIGO,NORTHERN REGION,2,2,0,0,2,0,1,1,0,0,2,0,0,0,0,0,0,0,0,0,No,0,2,0,2,0,0,Large Provincial Cities
5/11/2010,10.14.00,No,Collision with vehicle,LANE CHANGE RIGHT (NOT OVERTAKING),No,Day,Yes,Not at intersection,Other injury accident,60 km/hr,145.05945,-37.94547,KINGSTON,METROPOLITAN SOUTH EAST REGION,2,1,0,0,1,1,1,1,0,0,2,0,0,0,0,0,0,0,0,1,No,0,3,0,3,0,0,Metropolitan Excluding CBD
5/11/2010,13.00.00,No,Collision with vehicle,RIGHT REAR.,No,Day,Yes,Not at intersection,Serious injury accident,100 km/hr,145.68834,-37.19655,MURRINDINDI,NORTH EASTERN REGION,3,2,0,1,1,1,2,1,0,0,0,0,1,2,0,0,0,0,0,0,No,0,2,0,0,2,0,Country
5/11/2010,02.52.00,Yes,Collision with a fixed object,RIGHT OFF CARRIAGEWAY INTO OBJECT/PARKED VEHICLE,Yes,Dark Street lights on,Yes,Cross intersection,Other injury accident,60 km/hr,145.03873,-37.71433,DAREBIN,METROPOLITAN NORTH WEST REGION,1,1,0,0,1,0,0,0,0,0,1,0,0,0,0,0,0,0,0,0,No,0,1,0,1,0,0,Metropolitan Excluding CBD
5/11/2010,15.30.00,No,Collision with vehicle,VEHICLE OFF FOOTPATH STRIKES VEH ON CARRIAGEWAY,No,Day,No,Not at intersection,Other injury accident,50 km/hr,146.96197,-36.72928,ALPINE,NORTH EASTERN REGION,2,1,0,0,1,1,2,0,1,0,1,0,0,0,0,0,1,0,0,0,No,0,2,0,1,0,0,Other Towns
5/11/2010,12.30.00,No,Collision with vehicle,RIGHT THROUGH,No,Day,No,Not at intersection,Other injury accident,60 km/hr,143.81075,-37.56843,BALLARAT,WESTERN REGION,3,1,0,0,1,2,1,2,0,1,2,0,0,0,0,0,0,0,1,0,No,0,2,0,2,0,0,Large Provincial Cities
5/11/2010,12.00.00,No,Collision with vehicle,REAR END(VEHICLES IN SAME LANE),No,Day,Yes,T intersection,Serious injury accident,100 km/hr,147.04523,-36.50185,ALPINE,NORTH EASTERN REGION,2,2,0,2,0,0,2,0,0,0,0,0,0,2,0,0,0,0,0,0,No,0,2,0,0,2,0,Country
5/11/2010,08.15.00,No,Collision with vehicle,REAR END(VEHICLES IN SAME LANE),No,Day,No,Not at intersection,Other injury accident,60 km/hr,145.13165,-38.02882,KINGSTON,METROPOLITAN SOUTH EAST REGION,2,1,0,0,1,1,0,2,0,0,2,0,0,0,0,0,0,0,0,1,No,0,2,0,2,0,0,Metropolitan Excluding CBD
5/11/2010,06.25.00,No,Collision with a fixed object,LEFT OFF CARRIAGEWAY INTO OBJECT/PARKED VEHICLE,No,Day,Yes,T intersection,Serious injury accident,60 km/hr,144.9202,-37.75962,MOONEE VALLEY,METROPOLITAN NORTH WEST REGION,1,1,0,1,0,0,1,0,0,0,1,0,0,0,0,0,0,0,0,0,Yes,0,1,0,1,0,0,Metropolitan Excluding CBD
5/11/2010,11.40.00,No,Collision with vehicle,REAR END(VEHICLES IN SAME LANE),No,Day,No,T intersection,Other injury accident,Not known,144.95196,-37.64853,HUME,METROPOLITAN NORTH WEST REGION,2,1,0,0,1,1,2,0,0,0,2,0,0,0,0,0,0,0,0,0,No,0,2,1,1,0,0,Metropolitan Excluding CBD
5/11/2010,20.20.00,Yes,Vehicle overturned (no collision),OTHER ACCIDENTS-OFF STRAIGHT NOT INCLUDED IN DCAs 170-175,No,Dusk/Dawn,No,T intersection,Other injury accident,50 km/hr,145.37571,-37.78674,YARRA RANGES,METROPOLITAN SOUTH EAST REGION,1,1,0,0,1,0,1,0,0,0,0,0,0,1,0,0,0,0,0,0,No,0,1,0,0,1,0,Metropolitan Excluding CBD
5/11/2010,16.00.00,Yes,Collision with vehicle,HEAD ON (NOT OVERTAKING),No,Day,No,Cross intersection,Other injury accident,60 km/hr,145.05095,-37.92011,GLEN EIRA,METROPOLITAN SOUTH EAST REGION,3,1,0,0,1,2,1,1,0,0,3,0,0,0,0,0,0,0,1,0,No,0,3,0,3,0,0,Metropolitan Excluding CBD
5/11/2010,08.50.00,No,Struck Pedestrian,PED NEAR SIDE. PED HIT BY VEHICLE FROM THE RIGHT.,No,Day,No,T intersection,Other injury accident,50 km/hr,145.05939,-37.77283,BANYULE,METROPOLITAN NORTH WEST REGION,2,1,0,0,1,1,1,1,0,0,1,1,0,0,0,0,0,0,0,0,No,0,1,0,1,0,0,Metropolitan Excluding CBD
5/11/2010,08.25.00,No,Collision with vehicle,RIGHT REAR.,Not known,Unk.,Not known,Unknown,Other injury accident,80 km/hr,145.25756,-38.00431,CASEY,METROPOLITAN SOUTH EAST REGION,2,1,0,0,1,1,0,2,0,0,2,0,0,0,0,0,0,0,0,0,No,0,2,0,2,0,0,Metropolitan Excluding CBD
6/11/2010,07.40.00,Yes,No collision and no object struck,OFF CARRIAGEWAY TO RIGHT,No,Day,Yes,Not at intersection,Serious injury accident,100 km/hr,146.0975,-37.0603,MANSFIELD,NORTH EASTERN REGION,1,1,0,1,0,0,1,0,0,0,1,0,0,0,0,0,0,0,0,0,No,0,1,0,1,0,0,Other Towns
6/11/2010,01.50.00,Yes,Collision with a fixed object,LEFT OFF CARRIAGEWAY INTO OBJECT/PARKED VEHICLE,No,Dark No street lights,Yes,Not at intersection,Other injury accident,100 km/hr,142.65784,-38.22629,MOYNE,SOUTH WESTERN REGION,4,2,0,0,2,2,1,3,0,3,1,0,0,0,0,0,0,0,0,1,No,0,1,0,1,0,0,Country
6/11/2010,04.00.00,Yes,Collision with vehicle,VEHICLE COLLIDES WITH VEHICLE PARKED ON LEFT OF ROAD,No,Dark Street lights on,Yes,Not at intersection,Serious injury accident,60 km/hr,145.01991,-37.88665,GLEN EIRA,METROPOLITAN SOUTH EAST REGION,1,1,0,1,0,0,1,0,0,0,1,0,0,0,0,0,0,0,0,0,Yes,0,2,0,2,0,0,Metropolitan Excluding CBD
6/11/2010,01.00.00,Yes,Collision with vehicle,VEHICLE COLLIDES WITH VEHICLE PARKED ON LEFT OF ROAD,No,Dark Street lights on,Yes,Not at intersection,Other injury accident,50 km/hr,144.32947,-38.19631,GEELONG,SOUTH WESTERN REGION,2,1,0,0,1,1,2,0,0,1,1,0,0,0,0,0,0,0,0,0,No,0,3,0,3,0,0,Large Provincial Cities
6/11/2010,03.15.00,Yes,Collision with vehicle,VEHICLE COLLIDES WITH VEHICLE PARKED ON LEFT OF ROAD,No,Dark Street lights on,Yes,Not at intersection,Other injury accident,40 km/hr,145.04652,-37.81557,BOROONDARA,METROPOLITAN SOUTH EAST REGION,1,1,0,0,1,0,1,0,0,0,1,0,0,0,0,0,0,0,0,1,No,0,2,0,2,0,0,Metropolitan Excluding CBD
6/11/2010,08.30.00,No,Vehicle overturned (no collision),OUT OF CONTROL ON CARRIAGEWAY (ON STRAIGHT),No,Day,Yes,Cross intersection,Other injury accident,50 km/hr,145.07276,-37.97484,KINGSTON,METROPOLITAN SOUTH EAST REGION,1,1,0,0,1,0,1,0,0,0,0,0,0,1,0,0,0,0,0,0,No,0,1,0,0,1,0,Metropolitan Excluding CBD
6/11/2010,07.30.00,Yes,Collision with vehicle,CROSS TRAFFIC(INTERSECTIONS ONLY),No,Day,Yes,Cross intersection,Serious injury accident,60 km/hr,144.95756,-37.79972,MELBOURNE,METROPOLITAN NORTH WEST REGION,2,1,0,1,0,1,2,0,0,0,1,0,0,1,0,0,0,0,0,1,No,0,2,0,1,1,0,Metropolitan Excluding CBD
6/11/2010,09.20.00,No,Collision with vehicle,RIGHT THROUGH,No,Day,Yes,Cross intersection,Serious injury accident,60 km/hr,145.02343,-37.74013,DAREBIN,METROPOLITAN NORTH WEST REGION,5,5,0,5,0,0,2,3,0,3,2,0,0,0,0,0,0,0,0,1,No,0,2,0,2,0,0,Metropolitan Excluding CBD
6/11/2010,09.40.00,No,Vehicle overturned (no collision),OFF CARRIAGEWAY ON RIGHT BEND,No,Day,Yes,Not at intersection,Other injury accident,100 km/hr,146.19329,-38.34862,SOUTH GIPPSLAND,EASTERN REGION,1,1,0,0,1,0,1,0,0,0,1,0,0,0,0,0,0,0,0,0,No,0,1,0,1,0,0,Country
6/11/2010,11.45.00,No,Collision with a fixed object,RIGHT OFF CARRIAGEWAY INTO OBJECT/PARKED VEHICLE,No,Day,Yes,Not at intersection,Other injury accident,50 km/hr,145.00378,-37.73941,DAREBIN,METROPOLITAN NORTH WEST REGION,1,1,0,0,1,0,1,0,0,0,1,0,0,0,0,0,0,0,1,0,No,0,1,0,1,0,0,Metropolitan Excluding CBD
6/11/2010,08.30.00,No,Collision with vehicle,RIGHT NEAR (INTERSECTIONS ONLY),No,Day,Yes,T intersection,Other injury accident,70 km/hr,145.16623,-37.77661,MANNINGHAM,METROPOLITAN SOUTH EAST REGION,2,2,0,0,2,0,0,2,0,0,2,0,0,0,0,0,0,0,0,0,No,0,2,0,2,0,0,Metropolitan Excluding CBD
6/11/2010,10.20.00,No,No collision and no object struck,OFF CARRIAGEWAY ON RIGHT BEND,No,Day,Yes,Not at intersection,Serious injury accident,100 km/hr,147.33858,-36.15434,TOWONG,NORTH EASTERN REGION,1,1,0,1,0,0,1,0,0,0,0,0,0,1,0,0,0,0,0,0,No,0,1,0,0,1,0,Country
6/11/2010,11.15.00,No,Collision with vehicle,RIGHT TURN SIDESWIPE,No,Day,Yes,Not at intersection,Other injury accident,60 km/hr,145.02527,-37.66032,WHITTLESEA,METROPOLITAN NORTH WEST REGION,5,1,0,0,1,4,3,2,0,3,2,0,0,0,0,0,0,0,0,0,No,0,2,0,2,0,0,Metropolitan Excluding CBD
6/11/2010,12.45.00,No,Collision with vehicle,REAR END(VEHICLES IN SAME LANE),No,Day,Yes,Not at intersection,Other injury accident,70 km/hr,144.59763,-37.68577,MELTON,METROPOLITAN NORTH WEST REGION,3,2,0,0,2,1,2,1,0,0,1,0,1,1,0,0,0,0,0,0,No,0,2,0,1,1,0,Small Provincial Cities
6/11/2010,12.20.00,No,No collision and no object struck,OUT OF CONTROL ON CARRIAGEWAY (ON BEND),No,Day,Yes,Not at intersection,Other injury accident,60 km/hr,145.34744,-37.87692,YARRA RANGES,METROPOLITAN SOUTH EAST REGION,1,1,0,0,1,0,0,1,0,0,0,0,0,1,0,0,0,0,0,0,No,0,1,0,0,1,0,Metropolitan Excluding CBD
6/11/2010,08.47.00,No,Collision with vehicle,RIGHT THROUGH,No,Day,Yes,Not at intersection,Serious injury accident,60 km/hr,145.1989,-37.99014,DANDENONG,METROPOLITAN SOUTH EAST REGION,2,1,0,1,0,1,1,1,0,0,2,0,0,0,0,0,0,0,0,0,No,0,2,0,1,0,0,Metropolitan Excluding CBD
6/11/2010,09.50.00,No,Collision with vehicle,RIGHT FAR (INTERSECTIONS ONLY),No,Day,Yes,Cross intersection,Serious injury accident,70 km/hr,145.22284,-37.97437,DANDENONG,METROPOLITAN SOUTH EAST REGION,3,1,0,1,0,2,2,1,0,0,3,0,0,0,0,0,0,0,0,0,No,0,3,0,3,0,0,Metropolitan Excluding CBD
6/11/2010,12.25.00,No,Collision with vehicle,RIGHT THROUGH,No,Day,Yes,T intersection,Other injury accident,60 km/hr,144.91329,-37.77908,MOONEE VALLEY,METROPOLITAN NORTH WEST REGION,6,1,0,0,1,5,3,3,0,4,2,0,0,0,0,0,0,0,0,1,No,0,2,0,2,0,0,Metropolitan Excluding CBD
6/11/2010,10.40.00,No,Collision with a fixed object,OFF RIGHT BEND INTO OBJECT/PARKED VEHICLE,No,Day,Yes,T intersection,Other injury accident,100 km/hr,143.3826,-38.70675,COLAC OTWAY,SOUTH WESTERN REGION,1,1,0,0,1,0,1,0,0,0,1,0,0,0,0,0,0,0,0,0,No,0,1,0,1,0,0,Country
6/11/2010,16.30.00,Yes,No collision and no object struck,OFF CARRIAGEWAY TO LEFT,No,Day,Yes,Not at intersection,Serious injury accident,100 km/hr,144.38741,-36.84947,BENDIGO,NORTHERN REGION,1,1,0,1,0,0,1,0,0,0,0,0,0,1,0,0,0,0,0,0,No,0,1,0,0,1,0,Country
6/11/2010,14.30.00,Yes,Collision with a fixed object,LEFT OFF CARRIAGEWAY INTO OBJECT/PARKED VEHICLE,No,Day,Yes,Not at intersection,Serious injury accident,80 km/hr,145.07917,-37.59863,WHITTLESEA,METROPOLITAN NORTH WEST REGION,1,1,0,1,0,0,1,0,0,0,1,0,0,0,0,0,0,0,0,0,No,1,1,0,1,0,0,Country
6/11/2010,17.00.00,Yes,Collision with vehicle,CROSS TRAFFIC(INTERSECTIONS ONLY),No,Day,Yes,Cross intersection,Other injury accident,100 km/hr,142.93123,-38.11737,MOYNE,SOUTH WESTERN REGION,5,4,0,0,4,1,2,3,0,3,2,0,0,0,0,0,0,0,0,0,No,0,2,0,2,0,0,Country
6/11/2010,18.05.00,Yes,Collision with vehicle,RIGHT THROUGH,No,Day,Yes,T intersection,Other injury accident,70 km/hr,145.26345,-37.80056,MAROONDAH,METROPOLITAN SOUTH EAST REGION,4,1,0,0,1,3,1,3,0,2,2,0,0,0,0,0,0,0,0,1,No,0,2,0,2,0,0,Metropolitan Excluding CBD
6/11/2010,15.10.00,Yes,Vehicle overturned (no collision),OTHER ACCIDENTS ON CURVE NOT INCLUDED IN DCAs 180-184,No,Day,Yes,Cross intersection,Other injury accident,50 km/hr,148.08947,-37.73375,EAST GIPPSLAND,EASTERN REGION,2,1,0,0,1,1,2,0,0,1,1,0,0,0,0,0,0,0,0,0,No,0,1,0,1,0,0,Country
6/11/2010,20.15.00,Yes,Collision with vehicle,VEHICLE COLLIDES WITH VEHICLE PARKED ON LEFT OF ROAD,No,Dark Street lights on,Yes,Not at intersection,Serious injury accident,60 km/hr,145.08146,-37.80327,BOROONDARA,METROPOLITAN SOUTH EAST REGION,1,1,0,1,0,0,1,0,0,0,1,0,0,0,0,0,0,0,0,0,No,0,2,0,2,0,0,Metropolitan Excluding CBD
6/11/2010,04.50.00,Yes,Collision with a fixed object,OFF RIGHT BEND INTO OBJECT/PARKED VEHICLE,No,Dusk/Dawn,Yes,Not at intersection,Other injury accident,80 km/hr,145.35593,-37.6466,YARRA RANGES,METROPOLITAN SOUTH EAST REGION,1,1,0,0,1,0,1,0,0,0,1,0,0,0,0,0,0,0,0,0,No,0,1,0,1,0,0,Country
6/11/2010,22.00.00,Yes,Collision with vehicle,LANE CHANGE LEFT (NOT OVERTAKING),No,Dark Street lights on,Yes,Cross intersection,Other injury accident,60 km/hr,144.91614,-37.70628,MORELAND,METROPOLITAN NORTH WEST REGION,3,1,0,0,1,2,3,0,0,1,2,0,0,0,0,0,0,0,0,2,No,0,2,0,2,0,0,Metropolitan Excluding CBD
6/11/2010,14.35.00,Yes,Collision with a fixed object,OFF RIGHT BEND INTO OBJECT/PARKED VEHICLE,No,Day,Yes,Not at intersection,Other injury accident,50 km/hr,145.0961,-37.93896,KINGSTON,METROPOLITAN SOUTH EAST REGION,1,1,0,0,1,0,1,0,0,0,1,0,0,0,0,0,0,0,0,0,Yes,0,1,0,1,0,0,Metropolitan Excluding CBD
6/11/2010,17.40.00,Yes,Struck Pedestrian,PED PLAYING/LYING/WORKING/STANDING ON CARRIAGEWAY.,Yes,Day,Yes,Cross intersection,Serious injury accident,50 km/hr,144.91827,-37.58565,HUME,METROPOLITAN NORTH WEST REGION,3,1,0,1,0,2,3,0,0,1,1,1,0,0,0,0,0,0,0,1,No,0,1,0,1,0,0,Metropolitan Excluding CBD
6/11/2010,16.22.00,Yes,Struck Pedestrian,PED WALKING WITH TRAFFIC,No,Day,Yes,T intersection,Other injury accident,40 km/hr,144.92884,-37.78809,MELBOURNE,METROPOLITAN NORTH WEST REGION,3,1,0,0,1,2,3,0,0,1,1,1,0,0,0,0,0,0,0,1,No,0,1,0,1,0,0,Metropolitan Excluding CBD
6/11/2010,12.00.00,No,collision with some other object,STRUCK OBJECT ON CARRIAGEWAY,No,Day,No,Not at intersection,Other injury accident,100 km/hr,144.61923,-37.24753,MACEDON RANGES,NORTHERN REGION,1,1,0,0,1,0,1,0,0,0,0,0,0,1,0,0,0,0,0,0,No,0,1,0,0,1,0,Country
6/11/2010,12.00.00,No,Collision with vehicle,LANE SIDE SWIPE (VEHICLES IN PARALLEL LANES),Yes,Day,No,Not at intersection,Other injury accident,Not known,144.94947,-37.80393,MELBOURNE,METROPOLITAN NORTH WEST REGION,2,1,0,0,1,1,0,1,1,0,1,0,0,0,0,0,0,0,0,0,No,0,2,1,0,0,0,Metropolitan Excluding CBD
6/11/2010,18.00.00,Yes,Collision with vehicle,REAR END(VEHICLES IN SAME LANE),No,Day,No,Cross intersection,Other injury accident,50 km/hr,144.94572,-37.83254,PORT PHILLIP,METROPOLITAN NORTH WEST REGION,4,2,0,0,2,2,2,2,0,2,2,0,0,0,0,0,0,0,0,0,No,0,2,0,2,0,0,Metropolitan Excluding CBD
6/11/2010,12.40.00,No,No collision and no object struck,OUT OF CONTROL ON CARRIAGEWAY (ON STRAIGHT),No,Day,Yes,Not at intersection,Serious injury accident,100 km/hr,145.7723,-38.31323,SOUTH GIPPSLAND,EASTERN REGION,1,1,0,1,0,0,0,1,0,0,0,0,0,1,0,0,0,0,0,0,No,0,1,0,0,1,0,Country
6/11/2010,17.40.00,Yes,No collision and no object struck,OUT OF CONTROL ON CARRIAGEWAY (ON BEND),No,Day,No,Not at intersection,Other injury accident,50 km/hr,144.93494,-37.62865,HUME,METROPOLITAN NORTH WEST REGION,1,1,0,0,1,0,1,0,0,0,0,0,0,1,0,0,0,0,0,0,No,0,1,0,0,1,0,Metropolitan Excluding CBD
7/11/2010,12.00.00,No,No collision and no object struck,OFF CARRIAGEWAY ON RIGHT BEND,No,Day,No,Not at intersection,Other injury accident,40 km/hr,148.29013,-37.57646,EAST GIPPSLAND,EASTERN REGION,1,1,0,0,1,0,1,0,0,0,0,0,0,1,0,0,0,0,0,0,No,0,1,0,0,1,0,Country
7/11/2010,12.00.00,No,No collision and no object struck,OUT OF CONTROL ON CARRIAGEWAY (ON BEND),No,Day,No,Not at intersection,Other injury accident,80 km/hr,144.27336,-36.84688,BENDIGO,NORTHERN REGION,1,1,0,0,1,0,1,0,0,0,0,0,0,1,0,0,0,0,0,0,No,0,1,0,0,1,0,Country
7/11/2010,01.00.00,Yes,Collision with a fixed object,LEFT OFF CARRIAGEWAY INTO OBJECT/PARKED VEHICLE,No,Dark Street lights on,Yes,Not at intersection,Other injury accident,50 km/hr,144.95802,-37.81526,MELBOURNE,METROPOLITAN NORTH WEST REGION,2,1,0,0,1,1,1,1,0,1,1,0,0,0,0,0,0,0,0,0,No,0,1,0,1,0,0,Metropolitan CBD Only
7/11/2010,07.00.00,Yes,No collision and no object struck,OFF CARRIAGEWAY ON RIGHT BEND,Not known,Day,Yes,Not at intersection,Serious injury accident,100 km/hr,145.63641,-38.47517,BASS COAST,EASTERN REGION,3,2,0,2,0,1,1,1,0,0,1,0,1,1,0,0,0,0,0,0,No,0,2,0,1,1,0,Country
7/11/2010,10.45.00,No,Struck Pedestrian,PED NEAR SIDE. PED HIT BY VEHICLE FROM THE RIGHT.,No,Day,Yes,T intersection,Other injury accident,60 km/hr,145.04952,-37.86895,STONNINGTON,METROPOLITAN SOUTH EAST REGION,2,1,0,0,1,1,1,1,0,0,1,1,0,0,0,0,0,0,0,1,No,0,1,0,1,0,0,Metropolitan Excluding CBD
7/11/2010,10.18.00,No,Collision with vehicle,LANE SIDE SWIPE (VEHICLES IN PARALLEL LANES),Yes,Day,Yes,Not at intersection,Other injury accident,100 km/hr,145.17879,-37.92466,MONASH,METROPOLITAN SOUTH EAST REGION,2,1,0,0,1,1,1,0,0,0,0,0,0,1,1,0,0,0,0,0,No,0,2,0,0,1,0,Metropolitan Excluding CBD
7/11/2010,10.32.00,No,Collision with vehicle,REAR END(VEHICLES IN SAME LANE),No,Day,Yes,Not at intersection,Other injury accident,100 km/hr,145.1785,-37.92442,MONASH,METROPOLITAN SOUTH EAST REGION,4,2,0,0,2,2,2,1,0,1,3,0,0,0,0,0,0,0,0,0,No,0,3,0,3,0,0,Metropolitan Excluding CBD
7/11/2010,12.30.00,No,Struck Pedestrian,PED NEAR SIDE. PED HIT BY VEHICLE FROM THE RIGHT.,No,Day,Yes,Not at intersection,Other injury accident,Not known,144.80074,-37.74433,BRIMBANK,METROPOLITAN NORTH WEST REGION,3,1,0,0,1,2,2,0,0,1,1,1,0,0,0,0,0,0,0,0,No,0,1,0,1,0,0,Metropolitan Excluding CBD
7/11/2010,14.20.00,No,Collision with vehicle,VEHICLE COLLIDES WITH VEHICLE PARKED ON LEFT OF ROAD,No,Day,Yes,Not at intersection,Other injury accident,50 km/hr,145.02727,-37.90923,GLEN EIRA,METROPOLITAN SOUTH EAST REGION,2,1,0,0,1,1,1,0,1,0,1,0,0,0,0,0,0,0,0,0,No,0,3,0,2,0,0,Metropolitan Excluding CBD
7/11/2010,14.00.00,No,Collision with vehicle,ACCIDENT OR BROKEN DOWN,No,Day,Yes,Not at intersection,Other injury accident,100 km/hr,145.40675,-38.07522,CARDINIA,METROPOLITAN SOUTH EAST REGION,3,2,0,0,2,1,2,1,0,1,2,0,0,0,0,0,0,0,0,1,No,0,2,0,2,0,0,Small Towns
7/11/2010,12.48.00,No,Collision with vehicle,HEAD ON (NOT OVERTAKING),No,Day,Yes,Not at intersection,Serious injury accident,60 km/hr,145.19162,-37.94673,DANDENONG,METROPOLITAN SOUTH EAST REGION,4,3,0,2,1,1,2,2,0,2,2,0,0,0,0,0,0,0,0,0,No,0,2,0,2,0,0,Metropolitan Excluding CBD
7/11/2010,13.30.00,No,Collision with vehicle,REAR END(VEHICLES IN SAME LANE),No,Day,Yes,Not at intersection,Other injury accident,80 km/hr,145.14443,-37.99218,DANDENONG,METROPOLITAN SOUTH EAST REGION,4,1,0,0,1,3,3,1,0,1,3,0,0,0,0,0,0,0,0,0,No,0,3,0,3,0,0,Metropolitan Excluding CBD
7/11/2010,16.08.00,Yes,Collision with vehicle,REAR END(VEHICLES IN SAME LANE),No,Day,Yes,T intersection,Other injury accident,80 km/hr,146.47174,-38.22088,LATROBE,EASTERN REGION,2,1,0,0,1,1,2,0,0,0,2,0,0,0,0,0,0,0,0,0,No,0,2,0,2,0,0,Country