ACCIDENT_DATE,ACCIDENT_TIME,ALCOHOLTIME,ACCIDENT_TYPE,DCA_CODE,HIT_RUN_FLAG,LIGHT_CONDITION,POLICE_ATTEND,ROAD_GEOMETRY,SEVERITY,SPEED_ZONE,LONGITUDE,LATITUDE,LGA_NAME,REGION_NAME,TOTAL_PERSONS,INJ_OR_FATAL,FATALITY,SERIOUSINJURY,OTHERINJURY,NONINJURED,MALES,FEMALES,BICYCLIST,PASSENGER,DRIVER,PEDESTRIAN,PILLION,MOTORIST,UNKNOWN,PED_CYCLIST_5_12,PED_CYCLIST_13_18,OLD_PEDESTRIAN,OLD_DRIVER,YOUNG_DRIVER,ALCOHOL_RELATED,UNLICENCSED,NO_OF_VEHICLES,HEAVYVEHICLE,PASSENGERVEHICLE,MOTORCYCLE,PUBLICVEHICLE,DEG_URBAN_NAME
28/11/2010,00.45.00,Yes,Collision with a fixed object,RIGHT OFF CARRIAGEWAY INTO OBJECT/PARKED VEHICLE,No,Dark Street lights on,Yes,Not at intersection,Serious injury accident,70 km/hr,145.01468,-37.86095,GLEN EIRA,METROPOLITAN SOUTH EAST REGION,1,1,0,1,0,0,1,0,0,0,1,0,0,0,0,0,0,0,0,0,Yes,0,1,0,1,0,0,Metropolitan Excluding CBD
28/11/2010,14.49.00,No,Struck Pedestrian,PED WALKING AGAINST TRAFFIC.,No,Day,Yes,Cross intersection,Serious injury accident,60 km/hr,144.94999,-37.80098,MELBOURNE,METROPOLITAN NORTH WEST REGION,2,1,0,1,0,1,2,0,0,0,1,1,0,0,0,0,0,0,0,0,No,0,1,0,1,0,0,Metropolitan Excluding CBD
28/11/2010,12.00.00,No,Collision with vehicle,HEAD ON (NOT OVERTAKING),No,Day,Yes,Not at intersection,Serious injury accident,100 km/hr,146.57915,-38.07679,LATROBE,EASTERN REGION,6,6,0,3,3,0,5,1,0,4,2,0,0,0,0,0,0,0,0,1,No,0,2,0,2,0,0,Country
28/11/2010,14.50.00,No,Collision with a fixed object,RIGHT OFF CARRIAGEWAY INTO OBJECT/PARKED VEHICLE,No,Day,Yes,Not at intersection,Other injury accident,100 km/hr,144.04863,-38.29503,SURF COAST,SOUTH WESTERN REGION,1,1,0,0,1,0,1,0,0,0,1,0,0,0,0,0,0,0,0,0,No,0,1,0,1,0,0,Country
28/11/2010,16.05.00,Yes,Fall from or in moving vehicle,OUT OF CONTROL ON CARRIAGEWAY (ON STRAIGHT),No,Day,Yes,Not at intersection,Other injury accident,100 km/hr,142.96518,-34.71945,SWAN HILL,NORTHERN REGION,1,1,0,0,1,0,1,0,0,0,0,0,0,1,0,0,0,0,0,0,No,0,1,0,0,1,0,Country
28/11/2010,16.15.00,Yes,Collision with vehicle,LANE SIDE SWIPE (VEHICLES IN PARALLEL LANES),No,Day,Yes,T intersection,Serious injury accident,60 km/hr,145.12133,-37.91681,MONASH,METROPOLITAN SOUTH EAST REGION,2,1,0,1,0,1,1,1,0,0,2,0,0,0,0,0,0,0,0,0,No,0,2,0,2,0,0,Metropolitan Excluding CBD
28/11/2010,01.30.00,Yes,collision with some other object,STRUCK OBJECT ON CARRIAGEWAY,No,Dark No street lights,Yes,Not at intersection,Other injury accident,100 km/hr,144.62265,-37.31685,MACEDON RANGES,NORTHERN REGION,1,1,0,0,1,0,0,1,0,0,1,0,0,0,0,0,0,0,0,1,No,0,1,0,1,0,0,Country
28/11/2010,05.50.00,Yes,Collision with a fixed object,LEFT OFF CARRIAGEWAY INTO OBJECT/PARKED VEHICLE,No,Dusk/Dawn,Yes,Not at intersection,Serious injury accident,100 km/hr,144.82596,-37.82573,HOBSONS BAY,METROPOLITAN NORTH WEST REGION,2,2,0,1,1,0,0,2,0,1,1,0,0,0,0,0,0,0,0,0,Yes,0,1,0,1,0,0,Metropolitan Excluding CBD
28/11/2010,17.22.00,Yes,Collision with a fixed object,RIGHT OFF CARRIAGEWAY INTO OBJECT/PARKED VEHICLE,No,Day,Yes,Not at intersection,Other injury accident,60 km/hr,144.31064,-38.16455,GEELONG,SOUTH WESTERN REGION,1,1,0,0,1,0,0,1,0,0,1,0,0,0,0,0,0,0,0,0,No,0,1,0,1,0,0,Large Provincial Cities
28/11/2010,19.45.00,Yes,collision with some other object,STRUCK OBJECT ON CARRIAGEWAY,No,Day,Yes,Not at intersection,Serious injury accident,110 km/hr,145.47598,-36.79902,STRATHBOGIE,NORTH EASTERN REGION,5,3,0,3,0,2,1,4,0,4,1,0,0,0,0,0,0,0,0,0,No,0,1,0,1,0,0,Country
28/11/2010,18.30.00,Yes,Collision with vehicle,U TURN,No,Day,Yes,Not at intersection,Other injury accident,50 km/hr,144.4577,-37.25149,MACEDON RANGES,NORTHERN REGION,4,3,0,0,3,1,3,1,0,2,2,0,0,0,0,0,0,0,0,0,No,0,2,0,2,0,0,Other Towns
28/11/2010,18.05.00,Yes,Collision with vehicle,CROSS TRAFFIC(INTERSECTIONS ONLY),No,Day,Yes,Cross intersection,Other injury accident,50 km/hr,144.64978,-37.90109,WYNDHAM,METROPOLITAN NORTH WEST REGION,3,1,0,0,1,2,2,1,0,1,2,0,0,0,0,0,0,0,0,0,No,0,2,0,2,0,0,Metropolitan Excluding CBD
28/11/2010,21.00.00,Yes,Struck Pedestrian,PED WALKING WITH TRAFFIC,No,Dark Street lights on,Yes,Not at intersection,Other injury accident,60 km/hr,145.95017,-38.4834,SOUTH GIPPSLAND,EASTERN REGION,5,1,0,0,1,4,2,3,0,3,1,1,0,0,0,0,0,0,0,0,No,0,1,0,1,0,0,Other Towns
28/11/2010,21.15.00,Yes,Collision with vehicle,REAR END(VEHICLES IN SAME LANE),Yes,Dark Street lights on,No,Not at intersection,Other injury accident,70 km/hr,145.18133,-38.29991,MORNINGTON PENINSULA,METROPOLITAN SOUTH EAST REGION,2,1,0,0,1,1,0,1,0,0,2,0,0,0,0,0,0,0,0,1,No,0,2,0,2,0,0,Metropolitan Excluding CBD
28/11/2010,20.31.00,Yes,Collision with vehicle,CROSS TRAFFIC(INTERSECTIONS ONLY),No,Dusk/Dawn,Yes,Cross intersection,Serious injury accident,80 km/hr,144.9551,-37.66723,HUME,METROPOLITAN NORTH WEST REGION,5,4,0,2,2,1,2,3,0,3,2,0,0,0,0,0,0,0,0,0,No,0,2,0,2,0,0,Metropolitan Excluding CBD
28/11/2010,21.45.00,Yes,Collision with vehicle,CROSS TRAFFIC(INTERSECTIONS ONLY),No,Dark Street lights on,Yes,Cross intersection,Serious injury accident,70 km/hr,145.15075,-37.85977,MONASH,METROPOLITAN SOUTH EAST REGION,2,1,0,1,0,1,0,2,0,0,2,0,0,0,0,0,0,0,1,0,No,0,2,0,2,0,0,Metropolitan Excluding CBD
28/11/2010,11.00.00,No,Collision with vehicle,LEFT REAR,No,Day,No,Cross intersection,Other injury accident,60 km/hr,144.92217,-37.66375,HUME,METROPOLITAN NORTH WEST REGION,2,1,0,0,1,1,1,1,0,0,2,0,0,0,0,0,0,0,0,1,No,0,2,0,2,0,0,Metropolitan Excluding CBD
28/11/2010,20.30.00,Yes,No collision and no object struck,OUT OF CONTROL ON CARRIAGEWAY (ON STRAIGHT),No,Dusk/Dawn,No,T intersection,Other injury accident,60 km/hr,145.07527,-37.81211,BOROONDARA,METROPOLITAN SOUTH EAST REGION,1,1,0,0,1,0,1,0,1,0,0,0,0,0,0,0,0,0,0,0,No,0,1,0,0,0,0,Metropolitan Excluding CBD
28/11/2010,05.05.00,Yes,Collision with a fixed object,OTHER ACCIDENTS-OFF STRAIGHT NOT INCLUDED IN DCAs 170-175,No,Dusk/Dawn,No,T intersection,Other injury accident,80 km/hr,145.20759,-37.81671,WHITEHORSE,METROPOLITAN SOUTH EAST REGION,4,2,0,0,2,2,2,2,0,3,1,0,0,0,0,0,0,0,0,1,No,1,1,0,1,0,0,Metropolitan Excluding CBD
28/11/2010,00.01.00,Yes,Collision with vehicle,RIGHT REAR.,No,Unk.,No,T intersection,Other injury accident,60 km/hr,144.83222,-37.75807,BRIMBANK,METROPOLITAN NORTH WEST REGION,2,1,0,0,1,1,1,1,0,0,2,0,0,0,0,0,0,0,0,0,No,0,2,0,2,0,0,Metropolitan Excluding CBD
28/11/2010,14.00.00,No,Collision with vehicle,HEAD ON (NOT OVERTAKING),No,Day,Yes,Not at intersection,Serious injury accident,100 km/hr,141.4434,-36.71929,WEST WIMMERA,WESTERN REGION,2,1,0,1,0,1,2,0,0,0,1,0,0,1,0,0,0,0,0,0,No,1,2,0,1,1,0,Country
28/11/2010,10.30.00,No,Vehicle overturned (no collision),OUT OF CONTROL ON CARRIAGEWAY (ON STRAIGHT),No,Day,No,Not at intersection,Other injury accident,Not known,145.3233,-37.48544,MURRINDINDI,NORTH EASTERN REGION,1,1,0,0,1,0,1,0,0,0,0,0,0,1,0,0,0,0,0,0,No,0,1,0,0,1,0,Country
28/11/2010,01.50.00,Yes,Collision with a fixed object,OFF LEFT BEND INTO OBJECT/PARKED VEHICLE,No,Dark No street lights,No,Not at intersection,Other injury accident,100 km/hr,146.20222,-38.46836,SOUTH GIPPSLAND,EASTERN REGION,2,2,0,0,2,0,1,1,0,1,1,0,0,0,0,0,0,0,0,1,No,0,1,0,1,0,0,Country
28/11/2010,15.30.00,No,No collision and no object struck,OUT OF CONTROL ON CARRIAGEWAY (ON STRAIGHT),No,Day,No,Not at intersection,Other injury accident,60 km/hr,144.60398,-37.6552,MELTON,METROPOLITAN NORTH WEST REGION,1,1,0,0,1,0,1,0,0,0,0,0,0,1,0,0,0,0,0,0,No,0,1,0,0,1,0,Small Provincial Cities
28/11/2010,22.00.00,Yes,Collision with vehicle,VEHICLE COLLIDES WITH VEHICLE PARKED ON LEFT OF ROAD,No,Dark Street lights unknown,No,Not at intersection,Other injury accident,Not known,145.24098,-37.87902,KNOX,METROPOLITAN SOUTH EAST REGION,1,1,0,0,1,0,1,0,0,0,1,0,0,0,0,0,0,0,0,1,No,0,2,0,2,0,0,Metropolitan Excluding CBD
28/11/2010,02.00.00,Yes,No collision and no object struck,OTHER ACCIDENTS NOT CLASSIFIABLE ELSEWHERE,No,Dark Street lights on,No,T intersection,Other injury accident,50 km/hr,146.83849,-36.12451,WODONGA,NORTH EASTERN REGION,2,1,0,0,1,1,2,0,0,1,1,0,0,0,0,0,0,0,0,0,No,0,1,0,1,0,0,Small Provincial Cities
29/11/2010,01.50.00,Yes,collision with some other object,STRUCK OBJECT ON CARRIAGEWAY,No,Dark No street lights,Yes,Not at intersection,Other injury accident,110 km/hr,145.4147,-36.82713,STRATHBOGIE,NORTH EASTERN REGION,1,1,0,0,1,0,1,0,0,0,1,0,0,0,0,0,0,0,0,0,No,0,1,1,0,0,0,Country
29/11/2010,08.30.00,No,Collision with vehicle,RIGHT FAR (INTERSECTIONS ONLY),No,Day,Yes,Cross intersection,Other injury accident,60 km/hr,144.95018,-37.82259,MELBOURNE,METROPOLITAN NORTH WEST REGION,2,1,0,0,1,1,2,0,1,0,1,0,0,0,0,0,0,0,0,0,No,0,2,0,1,0,0,Metropolitan Excluding CBD
29/11/2010,08.45.00,No,Struck Pedestrian,PED EMERGES FROM IN FRONT OF PARKED OR STATIONARY VEHICLE,No,Day,Yes,T intersection,Serious injury accident,40 km/hr,144.98338,-37.80415,YARRA,METROPOLITAN NORTH WEST REGION,2,1,0,1,0,1,2,0,0,0,1,1,0,0,0,0,0,1,0,0,No,0,1,0,1,0,0,Metropolitan Excluding CBD
29/11/2010,09.10.00,No,Collision with vehicle,CROSS TRAFFIC(INTERSECTIONS ONLY),No,Day,Yes,Cross intersection,Other injury accident,50 km/hr,142.475,-38.37736,WARRNAMBOOL,SOUTH WESTERN REGION,3,1,0,0,1,2,0,3,0,1,2,0,0,0,0,0,0,0,0,0,No,0,2,0,2,0,0,Small Provincial Cities
29/11/2010,08.05.00,No,Collision with vehicle,VEHICLE COLLIDES WITH VEHICLE PARKED ON LEFT OF ROAD,No,Day,Yes,Not at intersection,Serious injury accident,50 km/hr,145.16763,-37.87336,MONASH,METROPOLITAN SOUTH EAST REGION,1,1,0,1,0,0,0,1,0,0,1,0,0,0,0,0,0,0,0,0,No,0,2,0,2,0,0,Metropolitan Excluding CBD
29/11/2010,09.50.00,No,Collision with vehicle,LEFT NEAR (INTERSECTIONS ONLY),Not known,Day,Yes,T intersection,Other injury accident,60 km/hr,145.12215,-37.82702,WHITEHORSE,METROPOLITAN SOUTH EAST REGION,2,1,0,0,1,1,2,0,1,0,1,0,0,0,0,0,0,0,0,0,No,0,2,0,0,0,1,Metropolitan Excluding CBD
29/11/2010,10.15.00,No,Collision with vehicle,VEHICLE STRIKES DOOR OF PARKED/STATIONARY VEHICLE,No,Day,Yes,Not at intersection,Serious injury accident,40 km/hr,145.00469,-37.81382,YARRA,METROPOLITAN NORTH WEST REGION,2,1,0,1,0,1,1,1,1,0,1,0,0,0,0,0,0,0,0,0,No,0,2,0,1,0,0,Metropolitan Excluding CBD
29/11/2010,09.15.00,No,Collision with vehicle,LEFT NEAR (INTERSECTIONS ONLY),No,Day,Yes,Cross intersection,Serious injury accident,60 km/hr,141.60393,-38.34215,GLENELG,SOUTH WESTERN REGION,3,1,0,1,0,2,2,1,0,1,2,0,0,0,0,0,0,0,0,0,No,0,2,1,1,0,0,Other Towns
29/11/2010,10.04.00,No,Collision with a fixed object,LEFT OFF CARRIAGEWAY INTO OBJECT/PARKED VEHICLE,No,Day,Yes,Not at intersection,Other injury accident,80 km/hr,145.22602,-37.86584,KNOX,METROPOLITAN SOUTH EAST REGION,3,1,0,0,1,2,1,0,0,1,2,0,0,0,0,0,0,0,0,0,No,0,2,0,2,0,0,Metropolitan Excluding CBD
29/11/2010,08.00.00,No,Collision with vehicle,REAR END(VEHICLES IN SAME LANE),No,Day,Yes,T intersection,Other injury accident,80 km/hr,145.20774,-37.83357,WHITEHORSE,METROPOLITAN SOUTH EAST REGION,3,2,0,0,2,1,2,1,0,1,2,0,0,0,0,0,0,0,1,0,No,0,2,0,2,0,0,Metropolitan Excluding CBD
29/11/2010,11.55.00,No,Collision with vehicle,VEHICLE STRIKES ANOTHER VEH WHILE EMERGING FROM DRIVEWAY,No,Day,Yes,Not at intersection,Serious injury accident,60 km/hr,145.37862,-37.72452,YARRA RANGES,METROPOLITAN SOUTH EAST REGION,3,2,0,1,1,1,1,2,0,1,2,0,0,0,0,0,0,0,1,0,No,0,2,0,2,0,0,Country
29/11/2010,14.40.00,No,Collision with vehicle,REAR END(VEHICLES IN SAME LANE),No,Day,No,Cross intersection,Other injury accident,70 km/hr,144.38451,-38.16869,GEELONG,SOUTH WESTERN REGION,3,1,0,0,1,2,2,1,0,1,2,0,0,0,0,0,0,0,0,1,No,0,2,0,2,0,0,Large Provincial Cities
29/11/2010,13.00.00,No,Collision with vehicle,CROSS TRAFFIC(INTERSECTIONS ONLY),No,Day,No,Cross intersection,Other injury accident,50 km/hr,144.89769,-37.8569,HOBSONS BAY,METROPOLITAN NORTH WEST REGION,2,1,0,0,1,1,0,2,1,0,1,0,0,0,0,0,0,0,0,0,No,0,2,0,1,0,0,Metropolitan Excluding CBD
29/11/2010,13.30.00,No,Vehicle overturned (no collision),OFF CARRIAGEWAY ON RIGHT BEND,No,Day,Yes,Not at intersection,Other injury accident,Not known,142.3404,-34.6933,MILDURA,WESTERN REGION,6,4,0,0,4,2,3,0,0,5,1,0,0,0,0,0,0,0,0,1,No,0,1,0,1,0,0,Country
29/11/2010,08.30.00,No,Collision with vehicle,RIGHT THROUGH,No,Day,No,T intersection,Other injury accident,40 km/hr,144.99231,-37.81781,YARRA,METROPOLITAN NORTH WEST REGION,2,1,0,0,1,1,1,1,1,0,1,0,0,0,0,0,0,0,0,1,No,0,2,0,1,0,0,Metropolitan Excluding CBD
29/11/2010,15.50.00,No,Collision with vehicle,LANE CHANGE LEFT (NOT OVERTAKING),No,Day,Yes,Not at intersection,Serious injury accident,60 km/hr,145.09325,-37.83541,BOROONDARA,METROPOLITAN SOUTH EAST REGION,2,1,0,1,0,1,2,0,0,0,1,0,0,1,0,0,0,0,0,0,No,0,2,0,0,1,0,Metropolitan Excluding CBD
29/11/2010,16.49.00,No,Collision with vehicle,LEFT NEAR (INTERSECTIONS ONLY),No,Day,No,T intersection,Other injury accident,50 km/hr,144.75756,-37.8965,WYNDHAM,METROPOLITAN NORTH WEST REGION,2,1,0,0,1,1,1,1,1,0,1,0,0,0,0,0,0,0,0,0,No,0,2,0,1,0,0,Metropolitan Excluding CBD
29/11/2010,15.40.00,No,Struck Pedestrian,PED NEAR SIDE. PED HIT BY VEHICLE FROM THE RIGHT.,No,Day,Yes,Not at intersection,Serious injury accident,40 km/hr,144.58738,-37.67278,MELTON,METROPOLITAN NORTH WEST REGION,2,1,0,1,0,1,0,2,0,0,1,1,0,0,0,1,0,0,0,1,No,0,1,0,1,0,0,Small Provincial Cities
29/11/2010,16.00.00,No,Collision with vehicle,VEHICLE COLLIDES WITH VEHICLE PARKED ON LEFT OF ROAD,No,Day,Yes,Not at intersection,Serious injury accident,60 km/hr,145.06068,-37.83472,BOROONDARA,METROPOLITAN SOUTH EAST REGION,1,1,0,1,0,0,0,1,0,0,1,0,0,0,0,0,0,0,0,0,No,0,3,0,3,0,0,Metropolitan Excluding CBD
29/11/2010,16.30.00,No,Collision with vehicle,RIGHT THROUGH,No,Day,Yes,T intersection,Other injury accident,70 km/hr,145.33734,-37.74556,YARRA RANGES,METROPOLITAN SOUTH EAST REGION,3,2,0,0,2,1,0,3,0,0,3,0,0,0,0,0,0,0,0,0,No,0,3,0,3,0,0,Metropolitan Excluding CBD
29/11/2010,16.30.00,No,Collision with a fixed object,LEFT OFF CARRIAGEWAY INTO OBJECT/PARKED VEHICLE,No,Day,Yes,Not at intersection,Other injury accident,60 km/hr,146.85376,-36.13379,WODONGA,NORTH EASTERN REGION,2,2,0,0,2,0,2,0,0,1,1,0,0,0,0,0,0,0,0,1,No,0,1,0,1,0,0,Small Provincial Cities
29/11/2010,18.05.00,Yes,Struck Pedestrian,PED EMERGES FROM IN FRONT OF PARKED OR STATIONARY VEHICLE,No,Day,Yes,Not at intersection,Other injury accident,40 km/hr,145.00361,-37.74064,DAREBIN,METROPOLITAN NORTH WEST REGION,2,2,0,0,2,0,1,1,0,0,0,1,0,1,0,0,0,0,0,0,No,1,1,0,0,1,0,Metropolitan Excluding CBD
29/11/2010,17.13.00,No,Collision with vehicle,VEHICLE OFF FOOTPATH STRIKES VEH ON CARRIAGEWAY,No,Day,Yes,Not at intersection,Other injury accident,70 km/hr,145.32014,-37.99916,CASEY,METROPOLITAN SOUTH EAST REGION,2,1,0,0,1,1,2,0,1,0,1,0,0,0,0,0,0,0,0,1,No,0,2,0,1,0,0,Metropolitan Excluding CBD
29/11/2010,16.00.00,No,Collision with vehicle,LEFT REAR,No,Day,Yes,T intersection,Other injury accident,80 km/hr,145.23276,-37.92958,KNOX,METROPOLITAN SOUTH EAST REGION,3,1,0,0,1,2,2,1,0,0,3,0,0,0,0,0,0,0,0,0,No,0,3,0,3,0,0,Metropolitan Excluding CBD
29/11/2010,14.20.00,No,Collision with vehicle,VEHICLE STRIKES ANOTHER VEH WHILE EMERGING FROM DRIVEWAY,No,Day,Yes,Not at intersection,Other injury accident,50 km/hr,145.28615,-37.85989,KNOX,METROPOLITAN SOUTH EAST REGION,4,1,0,0,1,3,2,2,0,2,2,0,0,0,0,0,0,0,1,0,No,0,2,0,2,0,0,Metropolitan Excluding CBD
29/11/2010,17.10.00,No,No collision and no object struck,OFF CARRIAGEWAY TO LEFT,No,Day,No,Not at intersection,Other injury accident,100 km/hr,146.17036,-37.02675,MANSFIELD,NORTH EASTERN REGION,2,2,0,0,2,0,0,2,0,1,1,0,0,0,0,0,0,0,0,1,No,0,1,0,1,0,0,Country
29/11/2010,18.15.00,Yes,Collision with vehicle,RIGHT THROUGH,No,Day,Yes,T intersection,Other injury accident,60 km/hr,145.1354,-38.12053,FRANKSTON,METROPOLITAN SOUTH EAST REGION,5,2,0,0,2,3,2,3,0,1,4,0,0,0,0,0,0,0,0,1,No,0,4,0,4,0,0,Metropolitan Excluding CBD
29/11/2010,17.50.00,No,Collision with vehicle,RIGHT THROUGH,No,Day,Yes,T intersection,Other injury accident,60 km/hr,145.02368,-37.82676,BOROONDARA,METROPOLITAN SOUTH EAST REGION,3,1,0,0,1,2,3,0,1,1,1,0,0,0,0,0,0,0,0,0,No,0,2,0,1,0,0,Metropolitan Excluding CBD
29/11/2010,16.00.00,No,Collision with vehicle,VEHICLE STRIKES ANOTHER VEH WHILE EMERGING FROM DRIVEWAY,Yes,Day,Yes,Not at intersection,Other injury accident,70 km/hr,144.999,-37.68068,WHITTLESEA,METROPOLITAN NORTH WEST REGION,3,1,0,0,1,2,1,2,0,1,1,0,0,1,0,0,0,0,0,1,No,1,2,0,1,1,0,Metropolitan Excluding CBD
29/11/2010,19.30.00,Yes,Collision with a fixed object,RIGHT OFF CARRIAGEWAY INTO OBJECT/PARKED VEHICLE,No,Day,Yes,Not at intersection,Other injury accident,100 km/hr,142.28167,-36.58512,HORSHAM,WESTERN REGION,1,1,0,0,1,0,0,1,0,0,1,0,0,0,0,0,0,0,0,0,No,0,1,0,1,0,0,Country
29/11/2010,20.45.00,Yes,Struck Pedestrian,PED NEAR SIDE. PED HIT BY VEHICLE FROM THE RIGHT.,No,Dusk/Dawn,Yes,T intersection,Serious injury accident,80 km/hr,145.22819,-38.00646,DANDENONG,METROPOLITAN SOUTH EAST REGION,2,1,0,1,0,1,2,0,0,0,1,1,0,0,0,0,1,0,0,0,No,0,1,0,0,0,0,Metropolitan Excluding CBD
29/11/2010,06.40.00,No,Collision with vehicle,LANE SIDE SWIPE (VEHICLES IN PARALLEL LANES),No,Dark Street lights unknown,No,Not at intersection,Serious injury accident,60 km/hr,144.84905,-37.82437,HOBSONS BAY,METROPOLITAN NORTH WEST REGION,2,1,0,1,0,1,1,0,0,0,0,0,0,1,1,0,0,0,0,0,No,1,2,0,0,1,0,Metropolitan Excluding CBD
29/11/2010,22.45.00,Yes,Collision with vehicle,RIGHT THROUGH,No,Dark Street lights on,Yes,Cross intersection,Other injury accident,70 km/hr,144.35143,-38.15461,GEELONG,SOUTH WESTERN REGION,3,1,0,0,1,2,2,1,0,0,3,0,0,0,0,0,0,0,0,2,No,0,3,0,3,0,0,Large Provincial Cities
29/11/2010,22.05.00,Yes,Collision with vehicle,OFF LEFT BEND INTO OBJECT/PARKED VEHICLE,No,Dark Street lights on,Yes,T intersection,Serious injury accident,60 km/hr,145.05297,-37.98592,KINGSTON,METROPOLITAN SOUTH EAST REGION,2,2,0,2,0,0,2,0,0,1,1,0,0,0,0,0,0,0,0,0,Yes,0,2,0,2,0,0,Metropolitan Excluding CBD
29/11/2010,22.15.00,Yes,Collision with vehicle,RIGHT FAR (INTERSECTIONS ONLY),No,Dark Street lights on,Yes,Multiple intersection,Serious injury accident,70 km/hr,145.15592,-37.93246,DANDENONG,METROPOLITAN SOUTH EAST REGION,2,2,0,1,1,0,1,1,0,0,2,0,0,0,0,0,0,0,0,2,No,0,2,0,2,0,0,Metropolitan Excluding CBD
29/11/2010,13.00.00,No,Struck Pedestrian,FAR SIDE. PED HIT BY VEHICLE FROM THE LEFT,No,Day,No,Not at intersection,Serious injury accident,Not known,145.23577,-37.91765,KNOX,METROPOLITAN SOUTH EAST REGION,2,1,0,1,0,1,1,1,0,0,1,1,0,0,0,0,0,1,1,0,No,0,1,0,1,0,0,Metropolitan Excluding CBD
29/11/2010,11.30.00,No,Collision with vehicle,LEFT NEAR (INTERSECTIONS ONLY),No,Day,Yes,Cross intersection,Other injury accident,50 km/hr,142.163,-34.18838,MILDURA,WESTERN REGION,3,2,0,0,2,1,2,1,0,1,2,0,0,0,0,0,0,0,0,1,No,0,2,0,2,0,0,Small Provincial Cities
29/11/2010,17.20.00,No,Collision with vehicle,VEHICLE STRIKES DOOR OF PARKED/STATIONARY VEHICLE,Not known,Day,No,Not at intersection,Other injury accident,50 km/hr,144.99494,-37.84287,STONNINGTON,METROPOLITAN SOUTH EAST REGION,2,1,0,0,1,1,1,1,1,0,1,0,0,0,0,0,0,0,0,0,No,0,2,0,1,0,0,Metropolitan Excluding CBD
29/11/2010,09.20.00,No,Collision with vehicle,PULLING OUT (OVERTAKING),No,Day,No,Not at intersection,Other injury accident,50 km/hr,145.12068,-37.8132,WHITEHORSE,METROPOLITAN SOUTH EAST REGION,2,1,0,0,1,1,0,2,0,0,2,0,0,0,0,0,0,0,0,1,No,0,2,0,2,0,0,Metropolitan Excluding CBD
29/11/2010,15.00.00,No,Collision with vehicle,RIGHT NEAR (INTERSECTIONS ONLY),No,Day,No,T intersection,Other injury accident,80 km/hr,144.95805,-37.68782,HUME,METROPOLITAN NORTH WEST REGION,2,1,0,0,1,1,1,1,0,0,2,0,0,0,0,0,0,0,0,1,No,0,2,0,2,0,0,Metropolitan Excluding CBD
29/11/2010,18.00.00,Yes,Fall from or in moving vehicle,OUT OF CONTROL ON CARRIAGEWAY (ON STRAIGHT),No,Day,No,T intersection,Other injury accident,80 km/hr,145.13984,-38.01595,DANDENONG,METROPOLITAN SOUTH EAST REGION,1,1,0,0,1,0,0,1,0,0,0,0,0,1,0,0,0,0,0,0,No,0,1,0,0,1,0,Metropolitan Excluding CBD
29/11/2010,17.50.00,No,Collision with vehicle,REAR END(VEHICLES IN SAME LANE),No,Day,No,Not at intersection,Other injury accident,80 km/hr,145.17323,-37.91969,MONASH,METROPOLITAN SOUTH EAST REGION,2,1,0,0,1,1,1,1,0,0,2,0,0,0,0,0,0,0,0,0,No,0,2,0,2,0,0,Metropolitan Excluding CBD
29/11/2010,04.45.00,Yes,Collision with a fixed object,RIGHT OFF CARRIAGEWAY INTO OBJECT/PARKED VEHICLE,No,Dark No street lights,No,T intersection,Other injury accident,100 km/hr,149.12885,-37.56883,EAST GIPPSLAND,EASTERN REGION,1,1,0,0,1,0,1,0,0,0,1,0,0,0,0,0,0,0,0,0,No,0,1,0,1,0,0,Country
29/11/2010,16.15.00,No,Struck Pedestrian,PED STRUCK WALKING TO/FROM OR BOARDING/ALIGHTING VEHICLE.,Yes,Unk.,No,Cross intersection,Other injury accident,60 km/hr,145.09821,-37.83598,BOROONDARA,METROPOLITAN SOUTH EAST REGION,2,1,0,0,1,1,1,0,0,0,1,1,0,0,0,0,1,0,0,0,No,0,1,0,1,0,0,Metropolitan Excluding CBD
29/11/2010,18.45.00,Yes,Collision with vehicle,LEFT NEAR (INTERSECTIONS ONLY),No,Day,No,T intersection,Other injury accident,50 km/hr,144.9796,-37.78629,YARRA,METROPOLITAN NORTH WEST REGION,2,1,0,0,1,1,1,1,1,0,1,0,0,0,0,0,0,0,0,0,No,0,2,0,1,0,0,Metropolitan Excluding CBD
29/11/2010,17.00.00,No,Collision with vehicle,REAR END(VEHICLES IN SAME LANE),No,Day,No,Not at intersection,Other injury accident,100 km/hr,144.913,-37.69419,MORELAND,METROPOLITAN NORTH WEST REGION,2,1,0,0,1,1,1,1,0,0,2,0,0,0,0,0,0,0,0,1,No,0,2,0,2,0,0,Metropolitan Excluding CBD
29/11/2010,15.45.00,No,Collision with vehicle,VEHICLE STRIKES ANOTHER VEH WHILE EMERGING FROM DRIVEWAY,No,Day,No,T intersection,Other injury accident,40 km/hr,145.20563,-37.96572,DANDENONG,METROPOLITAN SOUTH EAST REGION,2,1,0,0,1,1,1,1,1,0,1,0,0,0,0,1,0,0,0,0,No,0,2,0,1,0,0,Metropolitan Excluding CBD