ACCIDENT_DATE,ACCIDENT_TIME,ALCOHOLTIME,ACCIDENT_TYPE,DCA_CODE,HIT_RUN_FLAG,LIGHT_CONDITION,POLICE_ATTEND,ROAD_GEOMETRY,SEVERITY,SPEED_ZONE,LONGITUDE,LATITUDE,LGA_NAME,REGION_NAME,TOTAL_PERSONS,INJ_OR_FATAL,FATALITY,SERIOUSINJURY,OTHERINJURY,NONINJURED,MALES,FEMALES,BICYCLIST,PASSENGER,DRIVER,PEDESTRIAN,PILLION,MOTORIST,UNKNOWN,PED_CYCLIST_5_12,PED_CYCLIST_13_18,OLD_PEDESTRIAN,OLD_DRIVER,YOUNG_DRIVER,ALCOHOL_RELATED,UNLICENCSED,NO_OF_VEHICLES,HEAVYVEHICLE,PASSENGERVEHICLE,MOTORCYCLE,PUBLICVEHICLE,DEG_URBAN_NAME
29/11/2010,16.30.00,No,Collision with vehicle,REAR END(VEHICLES IN SAME LANE),No,Day,No,T intersection,Other injury accident,60 km/hr,145.14508,-37.88995,MONASH,METROPOLITAN SOUTH EAST REGION,3,1,0,0,1,2,1,2,0,0,2,0,0,1,0,0,0,0,0,0,No,0,3,0,2,1,0,Metropolitan Excluding CBD
30/11/2010,08.55.00,No,Collision with vehicle,REAR END(VEHICLES IN SAME LANE),No,Day,Yes,Not at intersection,Serious injury accident,60 km/hr,145.40833,-37.86974,YARRA RANGES,METROPOLITAN SOUTH EAST REGION,2,1,0,1,0,1,1,1,1,0,1,0,0,0,0,0,0,0,0,0,No,0,2,0,1,0,0,Metropolitan Excluding CBD
30/11/2010,11.24.00,No,Collision with vehicle,RIGHT NEAR (INTERSECTIONS ONLY),No,Day,Yes,T intersection,Other injury accident,100 km/hr,143.68429,-37.05173,CENTRAL GOLDFIELDS,WESTERN REGION,4,3,0,0,3,1,2,2,0,2,2,0,0,0,0,0,0,0,0,0,No,0,2,0,2,0,0,Country
30/11/2010,06.50.00,No,Collision with vehicle,RIGHT THROUGH,No,Day,Yes,T intersection,Serious injury accident,60 km/hr,145.06753,-37.80145,BOROONDARA,METROPOLITAN SOUTH EAST REGION,2,1,0,1,0,1,1,1,1,0,1,0,0,0,0,0,0,0,0,1,No,0,2,0,1,0,0,Metropolitan Excluding CBD
30/11/2010,13.30.00,No,Collision with vehicle,LANE CHANGE RIGHT (NOT OVERTAKING),No,Day,Yes,Not at intersection,Other injury accident,60 km/hr,144.95713,-37.78944,MELBOURNE,METROPOLITAN NORTH WEST REGION,5,1,0,0,1,4,2,3,0,3,2,0,0,0,0,0,0,0,0,0,No,0,2,1,1,0,0,Metropolitan Excluding CBD
30/11/2010,15.05.00,No,Struck Pedestrian,FAR SIDE. PED HIT BY VEHICLE FROM THE LEFT,No,Day,Yes,Cross intersection,Serious injury accident,50 km/hr,145.169,-37.89686,MONASH,METROPOLITAN SOUTH EAST REGION,2,1,0,1,0,1,1,0,0,0,1,1,0,0,0,0,1,0,0,0,No,0,1,0,1,0,0,Metropolitan Excluding CBD
30/11/2010,12.20.00,No,Struck Pedestrian,PED PLAYING/LYING/WORKING/STANDING ON CARRIAGEWAY.,Yes,Day,No,Not at intersection,Other injury accident,80 km/hr,145.09533,-38.0178,KINGSTON,METROPOLITAN SOUTH EAST REGION,2,1,0,0,1,1,1,0,0,0,1,1,0,0,0,0,0,0,0,0,No,0,1,0,1,0,0,Metropolitan Excluding CBD
30/11/2010,16.40.00,No,Collision with vehicle,LANE CHANGE LEFT (NOT OVERTAKING),No,Day,Yes,Multiple intersection,Other injury accident,100 km/hr,145.15958,-37.80081,WHITEHORSE,METROPOLITAN SOUTH EAST REGION,2,1,0,0,1,1,0,2,0,0,2,0,0,0,0,0,0,0,1,0,No,0,2,0,2,0,0,Metropolitan Excluding CBD
30/11/2010,17.50.00,No,Collision with vehicle,REAR END(VEHICLES IN SAME LANE),No,Day,No,Not at intersection,Serious injury accident,60 km/hr,145.21823,-37.98851,DANDENONG,METROPOLITAN SOUTH EAST REGION,4,1,0,1,0,3,2,2,0,0,4,0,0,0,0,0,0,0,0,1,No,0,4,0,4,0,0,Metropolitan Excluding CBD
30/11/2010,18.20.00,Yes,Collision with vehicle,RIGHT THROUGH,No,Day,Yes,T intersection,Other injury accident,50 km/hr,144.9885,-37.7779,YARRA,METROPOLITAN NORTH WEST REGION,2,1,0,0,1,1,0,2,1,0,1,0,0,0,0,0,0,0,0,0,No,0,2,0,1,0,0,Metropolitan Excluding CBD
30/11/2010,17.23.00,No,Collision with vehicle,REAR END(VEHICLES IN SAME LANE),No,Day,Yes,Not at intersection,Other injury accident,60 km/hr,145.02807,-37.64477,WHITTLESEA,METROPOLITAN NORTH WEST REGION,4,1,0,0,1,3,3,1,0,1,3,0,0,0,0,0,0,0,0,1,No,0,3,0,3,0,0,Metropolitan Excluding CBD
30/11/2010,17.15.00,No,Collision with vehicle,RIGHT NEAR (INTERSECTIONS ONLY),No,Day,Yes,Cross intersection,Other injury accident,50 km/hr,145.05291,-37.77492,BANYULE,METROPOLITAN NORTH WEST REGION,2,1,0,0,1,1,1,1,1,0,1,0,0,0,0,0,0,0,1,0,No,0,2,0,1,0,0,Metropolitan Excluding CBD
30/11/2010,17.20.00,No,Collision with vehicle,LANE SIDE SWIPE (VEHICLES IN PARALLEL LANES),Yes,Day,Yes,T intersection,Serious injury accident,60 km/hr,145.11241,-37.83138,WHITEHORSE,METROPOLITAN SOUTH EAST REGION,4,1,0,1,0,3,1,2,0,2,2,0,0,0,0,0,0,0,1,0,No,0,2,0,2,0,0,Metropolitan Excluding CBD
30/11/2010,13.25.00,No,Collision with vehicle,RIGHT THROUGH,No,Day,No,Not at intersection,Serious injury accident,60 km/hr,145.11177,-37.83537,WHITEHORSE,METROPOLITAN SOUTH EAST REGION,2,1,0,1,0,1,0,2,0,0,2,0,0,0,0,0,0,0,0,1,No,0,2,0,2,0,0,Metropolitan Excluding CBD
30/11/2010,13.22.00,No,Collision with vehicle,VEHICLE COLLIDES WITH VEHICLE PARKED ON LEFT OF ROAD,No,Day,Yes,Not at intersection,Fatal accident,50 km/hr,145.20737,-38.15786,FRANKSTON,METROPOLITAN SOUTH EAST REGION,2,1,1,0,0,1,2,0,0,1,1,0,0,0,0,0,0,0,0,0,No,0,2,1,0,0,0,Metropolitan Excluding CBD
30/11/2010,13.05.00,No,Vehicle overturned (no collision),OFF CARRIAGEWAY ON RIGHT BEND,No,Day,Yes,Not at intersection,Fatal accident,100 km/hr,146.24671,-37.84566,(MOUNT BAW BAW),EASTERN REGION,1,1,1,0,0,0,1,0,0,0,1,0,0,0,0,0,0,0,0,0,No,0,1,1,0,0,0,Small Towns
30/11/2010,18.55.00,Yes,Collision with vehicle,OTHER ACCIDENTS-OFF STRAIGHT NOT INCLUDED IN DCAs 170-175,Yes,Day,Yes,Not at intersection,Other injury accident,50 km/hr,144.9348,-37.67139,HUME,METROPOLITAN NORTH WEST REGION,3,3,0,0,3,0,1,2,0,1,2,0,0,0,0,0,0,0,0,0,No,0,3,0,3,0,0,Metropolitan Excluding CBD
30/11/2010,19.00.00,Yes,Collision with a fixed object,LEFT OFF CARRIAGEWAY INTO OBJECT/PARKED VEHICLE,No,Day,Yes,Not at intersection,Serious injury accident,60 km/hr,144.85169,-37.77959,MARIBYRNONG,METROPOLITAN NORTH WEST REGION,1,1,0,1,0,0,1,0,0,0,1,0,0,0,0,0,0,0,0,1,No,0,1,0,1,0,0,Metropolitan Excluding CBD
30/11/2010,15.45.00,No,Collision with vehicle,REAR END(VEHICLES IN SAME LANE),No,Day,Yes,T intersection,Serious injury accident,60 km/hr,145.27392,-38.04873,CASEY,METROPOLITAN SOUTH EAST REGION,4,3,0,2,1,1,1,3,0,1,2,1,0,0,0,0,0,0,0,1,No,0,2,0,2,0,0,Metropolitan Excluding CBD
30/11/2010,21.30.00,Yes,Struck Pedestrian,FAR SIDE. PED HIT BY VEHICLE FROM THE LEFT,No,Dark Street lights on,Yes,T intersection,Serious injury accident,60 km/hr,145.12149,-37.75589,MANNINGHAM,METROPOLITAN SOUTH EAST REGION,2,1,0,1,0,1,1,1,0,0,1,1,0,0,0,0,0,0,0,0,No,0,1,0,1,0,0,Metropolitan Excluding CBD
30/11/2010,17.30.00,No,No collision and no object struck,OUT OF CONTROL ON CARRIAGEWAY (ON STRAIGHT),No,Day,No,Not at intersection,Serious injury accident,50 km/hr,142.51873,-38.38353,WARRNAMBOOL,SOUTH WESTERN REGION,1,1,0,1,0,0,1,0,0,0,0,0,0,1,0,0,0,0,0,0,No,0,1,0,0,1,0,Small Provincial Cities
30/11/2010,12.20.00,No,Collision with vehicle,HEAD ON(OVERTAKING),No,Day,Yes,Not at intersection,Fatal accident,60 km/hr,145.39586,-37.88041,YARRA RANGES,METROPOLITAN SOUTH EAST REGION,2,1,1,0,0,1,2,0,0,0,1,0,0,1,0,0,0,0,0,0,No,0,2,0,1,1,0,Metropolitan Excluding CBD
30/11/2010,17.15.00,No,collision with some other object,STRUCK OBJECT ON CARRIAGEWAY,No,Day,Yes,Not at intersection,Other injury accident,50 km/hr,145.12935,-37.82801,WHITEHORSE,METROPOLITAN SOUTH EAST REGION,1,1,0,0,1,0,1,0,0,0,0,0,0,1,0,0,0,0,0,0,No,0,1,0,0,1,0,Metropolitan Excluding CBD
30/11/2010,23.30.00,Yes,Collision with a fixed object,OFF LEFT BEND INTO OBJECT/PARKED VEHICLE,No,Dark Street lights on,No,Not at intersection,Other injury accident,70 km/hr,145.41464,-37.77295,YARRA RANGES,METROPOLITAN SOUTH EAST REGION,1,1,0,0,1,0,1,0,0,0,1,0,0,0,0,0,0,0,0,0,No,0,1,0,1,0,0,Metropolitan Excluding CBD
30/11/2010,15.55.00,No,Collision with vehicle,RIGHT THROUGH,No,Day,No,T intersection,Other injury accident,40 km/hr,144.99475,-37.84378,STONNINGTON,METROPOLITAN SOUTH EAST REGION,2,1,0,0,1,1,1,1,1,0,1,0,0,0,0,0,0,0,0,0,No,0,2,0,1,0,0,Metropolitan Excluding CBD
30/11/2010,07.00.00,No,Collision with vehicle,REAR END(VEHICLES IN SAME LANE),No,Day,No,Cross intersection,Other injury accident,50 km/hr,145.07023,-37.98814,KINGSTON,METROPOLITAN SOUTH EAST REGION,2,1,0,0,1,1,1,1,0,0,2,0,0,0,0,0,0,0,0,1,No,0,2,0,2,0,0,Metropolitan Excluding CBD
30/11/2010,19.00.00,Yes,Collision with vehicle,REAR END(VEHICLES IN SAME LANE),No,Day,No,Cross intersection,Other injury accident,60 km/hr,145.14758,-37.8765,MONASH,METROPOLITAN SOUTH EAST REGION,3,1,0,0,1,2,1,2,0,0,3,0,0,0,0,0,0,0,0,0,No,0,3,0,3,0,0,Metropolitan Excluding CBD
30/11/2010,17.25.00,No,Collision with vehicle,REAR END(VEHICLES IN SAME LANE),No,Day,No,Not at intersection,Other injury accident,70 km/hr,145.08793,-37.89442,MONASH,METROPOLITAN SOUTH EAST REGION,3,1,0,0,1,2,2,1,0,0,3,0,0,0,0,0,0,0,0,0,No,0,3,0,3,0,0,Metropolitan Excluding CBD
30/11/2010,15.30.00,No,Collision with vehicle,RIGHT REAR.,No,Day,No,T intersection,Other injury accident,60 km/hr,144.88054,-38.36724,MORNINGTON PENINSULA,METROPOLITAN SOUTH EAST REGION,2,1,0,0,1,1,0,2,0,0,2,0,0,0,0,0,0,0,0,1,No,0,2,0,2,0,0,Metropolitan Excluding CBD
30/11/2010,16.45.00,No,Collision with vehicle,REAR END(VEHICLES IN SAME LANE),No,Day,No,Cross intersection,Other injury accident,70 km/hr,145.17068,-38.15634,FRANKSTON,METROPOLITAN SOUTH EAST REGION,2,1,0,0,1,1,2,0,0,0,2,0,0,0,0,0,0,0,1,0,No,0,2,0,2,0,0,Metropolitan Excluding CBD
30/11/2010,08.40.00,No,Collision with vehicle,LANE CHANGE LEFT (NOT OVERTAKING),No,Day,No,Not at intersection,Other injury accident,60 km/hr,144.98097,-37.85111,PORT PHILLIP,METROPOLITAN NORTH WEST REGION,2,1,0,0,1,1,0,2,1,0,1,0,0,0,0,0,0,0,0,0,No,0,2,0,1,0,0,Metropolitan Excluding CBD
30/11/2010,13.11.00,No,Collision with vehicle,RIGHT THROUGH,No,Day,No,T intersection,Other injury accident,70 km/hr,145.03211,-37.66714,WHITTLESEA,METROPOLITAN NORTH WEST REGION,2,1,0,0,1,1,0,2,0,0,2,0,0,0,0,0,0,0,0,1,No,0,2,0,2,0,0,Metropolitan Excluding CBD
30/11/2010,17.10.00,No,Collision with vehicle,REVERSING INTO FIXED OBJECT/PARKED VEHICLE,No,Day,No,Not at intersection,Other injury accident,50 km/hr,144.90258,-37.86876,HOBSONS BAY,METROPOLITAN NORTH WEST REGION,2,1,0,0,1,1,2,0,0,0,2,0,0,0,0,0,0,0,0,0,No,0,2,0,2,0,0,Metropolitan Excluding CBD
30/11/2010,09.15.00,No,Collision with vehicle,REAR END(VEHICLES IN SAME LANE),No,Day,No,Not at intersection,Serious injury accident,80 km/hr,145.27652,-37.9771,CASEY,METROPOLITAN SOUTH EAST REGION,2,1,0,1,0,1,2,0,0,0,2,0,0,0,0,0,0,0,0,1,No,0,2,0,2,0,0,Metropolitan Excluding CBD
30/11/2010,21.30.00,Yes,Struck Pedestrian,PED EMERGES FROM IN FRONT OF PARKED OR STATIONARY VEHICLE,No,Dark Street lights on,No,T intersection,Serious injury accident,50 km/hr,145.10204,-37.93971,KINGSTON,METROPOLITAN SOUTH EAST REGION,2,1,0,1,0,1,2,0,0,0,1,1,0,0,0,0,0,0,0,0,No,0,1,0,1,0,0,Metropolitan Excluding CBD
1/12/2010,06.00.00,Yes,Collision with vehicle,VEHICLE STRIKES DOOR OF PARKED/STATIONARY VEHICLE,No,Day,Yes,Not at intersection,Other injury accident,60 km/hr,144.95459,-37.85069,PORT PHILLIP,METROPOLITAN NORTH WEST REGION,2,1,0,0,1,1,0,2,1,0,1,0,0,0,0,0,0,0,0,0,No,0,2,0,1,0,0,Metropolitan Excluding CBD
1/12/2010,08.30.00,No,Collision with vehicle,HEAD ON (NOT OVERTAKING),No,Day,Yes,Not at intersection,Other injury accident,60 km/hr,144.14162,-37.30943,HEPBURN,WESTERN REGION,2,1,0,0,1,1,1,1,0,0,2,0,0,0,0,0,0,0,0,1,No,0,2,0,2,0,0,Country
1/12/2010,10.10.00,No,Struck Pedestrian,PED ON FOOTHPATH STRUCK BY VEHENTERING/LEAVING DRIVEWAY.,No,Day,Yes,Not at intersection,Other injury accident,40 km/hr,145.10891,-37.83023,WHITEHORSE,METROPOLITAN SOUTH EAST REGION,2,1,0,0,1,1,1,1,0,0,1,1,0,0,0,0,0,1,1,0,No,0,1,0,1,0,0,Metropolitan Excluding CBD
1/12/2010,08.30.00,No,Collision with vehicle,REAR END(VEHICLES IN SAME LANE),No,Day,Yes,Not at intersection,Other injury accident,80 km/hr,144.98741,-37.82836,MELBOURNE,METROPOLITAN NORTH WEST REGION,4,1,0,0,1,3,3,0,0,1,3,0,0,0,0,0,0,0,0,0,No,0,3,0,3,0,0,Metropolitan Excluding CBD
1/12/2010,10.00.00,No,Collision with vehicle,VEHICLE STRIKES ANOTHER VEH WHILE EMERGING FROM DRIVEWAY,No,Day,Yes,Not at intersection,Other injury accident,50 km/hr,145.03405,-37.93282,BAYSIDE,METROPOLITAN SOUTH EAST REGION,2,1,0,0,1,1,1,1,1,0,1,0,0,0,0,0,0,0,0,0,No,0,2,0,1,0,0,Metropolitan Excluding CBD
1/12/2010,10.43.00,No,Collision with vehicle,RIGHT THROUGH,No,Day,Yes,Cross intersection,Serious injury accident,70 km/hr,144.99344,-37.79698,YARRA,METROPOLITAN NORTH WEST REGION,2,1,0,1,0,1,2,0,0,0,2,0,0,0,0,0,0,0,0,0,No,0,2,0,1,0,0,Metropolitan Excluding CBD
1/12/2010,11.50.00,No,Collision with vehicle,REAR END(VEHICLES IN SAME LANE),No,Day,Yes,Cross intersection,Serious injury accident,70 km/hr,142.50334,-38.38678,WARRNAMBOOL,SOUTH WESTERN REGION,4,1,0,1,0,3,2,2,0,1,3,0,0,0,0,0,0,0,1,0,No,0,3,0,3,0,0,Small Provincial Cities
1/12/2010,12.22.00,No,Collision with vehicle,LEFT REAR,No,Unk.,No,T intersection,Other injury accident,50 km/hr,144.93792,-37.59858,HUME,METROPOLITAN NORTH WEST REGION,3,2,0,0,2,1,0,3,0,1,2,0,0,0,0,0,0,0,0,1,No,1,2,0,2,0,0,Metropolitan Excluding CBD
1/12/2010,12.10.00,No,Collision with vehicle,RIGHT THROUGH,No,Day,Yes,Cross intersection,Other injury accident,60 km/hr,144.96794,-37.83339,PORT PHILLIP,METROPOLITAN NORTH WEST REGION,2,1,0,0,1,1,2,0,0,0,2,0,0,0,0,0,0,0,0,1,No,0,2,0,2,0,0,Metropolitan Excluding CBD
1/12/2010,10.10.00,No,Collision with vehicle,CROSS TRAFFIC(INTERSECTIONS ONLY),No,Day,Yes,Cross intersection,Other injury accident,100 km/hr,143.48377,-37.66862,GOLDEN PLAINS,SOUTH WESTERN REGION,2,1,0,0,1,1,2,0,0,0,2,0,0,0,0,0,0,0,0,0,No,0,2,1,1,0,0,Country
1/12/2010,11.05.00,No,Struck Pedestrian,PED WALKING AGAINST TRAFFIC.,No,Day,Yes,Not at intersection,Serious injury accident,60 km/hr,145.14722,-36.79358,STRATHBOGIE,NORTH EASTERN REGION,2,2,0,1,1,0,1,1,0,0,1,1,0,0,0,0,1,0,0,0,No,0,1,0,1,0,0,Other Towns
1/12/2010,13.15.00,No,Collision with a fixed object,LEFT OFF CARRIAGEWAY INTO OBJECT/PARKED VEHICLE,No,Day,Yes,Not at intersection,Other injury accident,100 km/hr,147.96686,-36.14698,TOWONG,NORTH EASTERN REGION,1,1,0,0,1,0,0,1,0,0,1,0,0,0,0,0,0,0,0,0,No,0,1,0,1,0,0,Country
1/12/2010,10.40.00,No,Collision with a fixed object,LEFT OFF CARRIAGEWAY INTO OBJECT/PARKED VEHICLE,No,Day,Yes,Y intersection,Other injury accident,100 km/hr,143.88602,-38.39989,SURF COAST,SOUTH WESTERN REGION,4,3,0,0,3,1,0,4,0,3,1,0,0,0,0,0,0,0,0,1,No,0,1,0,1,0,0,Country
1/12/2010,12.00.00,No,Collision with a fixed object,LEFT OFF CARRIAGEWAY INTO OBJECT/PARKED VEHICLE,No,Day,Yes,Not at intersection,Other injury accident,50 km/hr,145.21271,-38.08097,FRANKSTON,METROPOLITAN SOUTH EAST REGION,1,1,0,0,1,0,1,0,0,0,1,0,0,0,0,0,0,0,0,1,No,0,1,0,1,0,0,Metropolitan Excluding CBD
1/12/2010,13.50.00,No,Collision with vehicle,U TURN,No,Day,Yes,Not at intersection,Other injury accident,60 km/hr,142.1705,-34.18861,MILDURA,WESTERN REGION,2,1,0,0,1,1,0,2,0,0,2,0,0,0,0,0,0,0,0,0,No,0,2,0,2,0,0,Small Provincial Cities
1/12/2010,14.30.00,No,Struck Pedestrian,PED STRUCK WALKING TO/FROM OR BOARDING/ALIGHTING VEHICLE.,No,Day,Yes,T intersection,Serious injury accident,50 km/hr,144.97308,-37.86489,PORT PHILLIP,METROPOLITAN NORTH WEST REGION,3,2,0,1,1,1,1,2,0,1,1,1,0,0,0,0,0,0,0,0,No,0,1,0,1,0,0,Metropolitan Excluding CBD
1/12/2010,14.50.00,No,Collision with vehicle,LEFT REAR,No,Day,Yes,T intersection,Serious injury accident,70 km/hr,144.96378,-37.82954,PORT PHILLIP,METROPOLITAN NORTH WEST REGION,3,1,0,1,0,2,3,0,0,1,2,0,0,0,0,0,0,0,0,1,No,0,2,1,0,0,0,Metropolitan Excluding CBD
1/12/2010,15.20.00,No,Collision with vehicle,VEHICLE COLLIDES WITH VEHICLE PARKED ON LEFT OF ROAD,No,Day,Yes,Not at intersection,Serious injury accident,60 km/hr,144.90485,-37.78757,MELBOURNE,METROPOLITAN NORTH WEST REGION,1,1,0,1,0,0,0,1,0,0,1,0,0,0,0,0,0,0,0,0,No,0,2,0,2,0,0,Metropolitan Excluding CBD
1/12/2010,15.55.00,No,Collision with vehicle,RIGHT THROUGH,No,Day,Yes,Cross intersection,Other injury accident,50 km/hr,144.98781,-37.79651,YARRA,METROPOLITAN NORTH WEST REGION,5,1,0,0,1,4,3,2,1,3,1,0,0,0,0,0,1,0,0,0,No,0,2,0,1,0,0,Metropolitan Excluding CBD
1/12/2010,15.30.00,No,Collision with vehicle,CROSS TRAFFIC(INTERSECTIONS ONLY),No,Day,Yes,Cross intersection,Serious injury accident,70 km/hr,145.00162,-37.92903,BAYSIDE,METROPOLITAN SOUTH EAST REGION,4,2,0,1,1,2,2,1,0,1,3,0,0,0,0,0,0,0,1,0,No,0,3,0,2,0,1,Metropolitan Excluding CBD
1/12/2010,18.10.00,Yes,Struck Pedestrian,FAR SIDE. PED HIT BY VEHICLE FROM THE LEFT,No,Day,Yes,Not at intersection,Serious injury accident,40 km/hr,144.98126,-37.86699,PORT PHILLIP,METROPOLITAN NORTH WEST REGION,3,1,0,1,0,2,2,1,0,1,1,1,0,0,0,0,1,0,1,0,No,0,1,0,1,0,0,Metropolitan Excluding CBD
1/12/2010,15.50.00,No,Collision with vehicle,U TURN,No,Day,Yes,Not at intersection,Other injury accident,50 km/hr,145.05619,-37.88704,GLEN EIRA,METROPOLITAN SOUTH EAST REGION,2,1,0,0,1,1,1,1,0,0,1,0,0,1,0,0,0,0,0,0,No,0,3,0,2,1,0,Metropolitan Excluding CBD
1/12/2010,17.15.00,No,Struck Pedestrian,PED NEAR SIDE. PED HIT BY VEHICLE FROM THE RIGHT.,No,Day,Yes,T intersection,Other injury accident,60 km/hr,145.07724,-37.84829,BOROONDARA,METROPOLITAN SOUTH EAST REGION,2,2,0,0,2,0,0,2,0,0,1,1,0,0,0,0,0,0,0,0,No,0,1,0,1,0,0,Metropolitan Excluding CBD
1/12/2010,19.43.00,Yes,Collision with a fixed object,LEFT OFF CARRIAGEWAY INTO OBJECT/PARKED VEHICLE,No,Dark No street lights,Yes,Not at intersection,Serious injury accident,100 km/hr,144.56175,-37.5201,MACEDON RANGES,NORTHERN REGION,1,1,0,1,0,0,1,0,0,0,1,0,0,0,0,0,0,0,0,1,No,0,1,0,1,0,0,Country
1/12/2010,19.19.00,Yes,Collision with vehicle,RIGHT NEAR (INTERSECTIONS ONLY),No,Day,Yes,T intersection,Other injury accident,60 km/hr,144.9119,-37.67889,HUME,METROPOLITAN NORTH WEST REGION,2,1,0,0,1,1,1,1,0,0,2,0,0,0,0,0,0,0,0,1,No,0,2,0,2,0,0,Metropolitan Excluding CBD
1/12/2010,20.45.00,Yes,Collision with vehicle,HEAD ON (NOT OVERTAKING),No,Dark No street lights,Yes,Not at intersection,Serious injury accident,100 km/hr,146.01431,-38.58403,SOUTH GIPPSLAND,EASTERN REGION,2,2,0,2,0,0,2,0,0,0,2,0,0,0,0,0,0,0,0,1,No,0,2,0,2,0,0,Small Towns
1/12/2010,23.28.00,Yes,Collision with vehicle,LANE CHANGE LEFT (NOT OVERTAKING),No,Dark Street lights on,Yes,T intersection,Serious injury accident,50 km/hr,145.3404,-38.03545,CASEY,METROPOLITAN SOUTH EAST REGION,2,1,0,1,0,1,1,1,0,0,2,0,0,0,0,0,0,0,0,1,No,0,2,0,2,0,0,Metropolitan Excluding CBD
1/12/2010,22.30.00,Yes,Collision with vehicle,CROSS TRAFFIC(INTERSECTIONS ONLY),No,Dark Street lights on,Yes,Cross intersection,Serious injury accident,60 km/hr,144.37453,-38.15819,GEELONG,SOUTH WESTERN REGION,2,2,0,1,1,0,0,2,0,0,2,0,0,0,0,0,0,0,0,1,No,0,2,0,2,0,0,Large Provincial Cities
1/12/2010,15.15.00,No,Struck Pedestrian,FAR SIDE. PED HIT BY VEHICLE FROM THE LEFT,No,Day,Yes,T intersection,Serious injury accident,Not known,144.95711,-37.806,MELBOURNE,METROPOLITAN NORTH WEST REGION,3,1,0,1,0,2,2,1,0,1,1,1,0,0,0,0,0,1,0,0,No,0,1,0,1,0,0,Metropolitan Excluding CBD
1/12/2010,21.45.00,Yes,Struck animal,STRUCK ANIMAL,No,Dark No street lights,Yes,Not at intersection,Serious injury accident,100 km/hr,144.21156,-35.78725,GANNAWARRA,NORTHERN REGION,2,1,0,1,0,1,1,1,0,0,2,0,0,0,0,0,0,0,0,1,No,0,2,0,2,0,0,Country
1/12/2010,15.30.00,No,Collision with vehicle,OTHER MANOEUVRING NOT INCLUDED IN DCAs 140-148,No,Day,Yes,Not at intersection,Other injury accident,50 km/hr,145.29676,-37.82197,MAROONDAH,METROPOLITAN SOUTH EAST REGION,2,1,0,0,1,1,2,0,0,0,2,0,0,0,0,0,0,0,0,1,No,0,2,0,2,0,0,Metropolitan Excluding CBD
1/12/2010,18.00.00,Yes,No collision and no object struck,OUT OF CONTROL ON CARRIAGEWAY (ON STRAIGHT),No,Dusk/Dawn,No,Not at intersection,Other injury accident,80 km/hr,145.13601,-37.91559,MONASH,METROPOLITAN SOUTH EAST REGION,1,1,0,0,1,0,1,0,1,0,0,0,0,0,0,0,0,0,0,0,No,0,1,0,0,0,0,Metropolitan Excluding CBD
1/12/2010,18.30.00,Yes,Collision with a fixed object,LEFT OFF CARRIAGEWAY INTO OBJECT/PARKED VEHICLE,No,Day,No,Not at intersection,Other injury accident,80 km/hr,145.34035,-38.12029,CASEY,METROPOLITAN SOUTH EAST REGION,1,1,0,0,1,0,1,0,0,0,1,0,0,0,0,0,0,0,0,0,No,0,1,0,1,0,0,Metropolitan Excluding CBD
1/12/2010,15.00.00,No,Struck Pedestrian,PED NEAR SIDE. PED HIT BY VEHICLE FROM THE RIGHT.,No,Day,No,Cross intersection,Other injury accident,50 km/hr,145.03339,-37.83334,BOROONDARA,METROPOLITAN SOUTH EAST REGION,2,1,0,0,1,1,0,2,0,0,1,1,0,0,0,0,0,0,0,0,No,0,1,0,1,0,0,Metropolitan Excluding CBD
1/12/2010,15.30.00,No,Collision with a fixed object,OFF RIGHT BEND INTO OBJECT/PARKED VEHICLE,No,Day,Yes,Not at intersection,Other injury accident,100 km/hr,143.71584,-38.70904,COLAC OTWAY,SOUTH WESTERN REGION,1,1,0,0,1,0,1,0,0,0,1,0,0,0,0,0,0,0,0,0,No,0,1,1,0,0,0,Country
1/12/2010,09.00.00,No,Struck Pedestrian,PED EMERGES FROM IN FRONT OF PARKED OR STATIONARY VEHICLE,No,Day,Yes,Not at intersection,Serious injury accident,50 km/hr,144.89007,-37.83022,HOBSONS BAY,METROPOLITAN NORTH WEST REGION,2,1,0,1,0,1,0,2,0,0,1,1,0,0,0,0,1,0,0,0,No,0,1,0,1,0,0,Metropolitan Excluding CBD
1/12/2010,17.15.00,No,Collision with vehicle,RIGHT FAR (INTERSECTIONS ONLY),No,Day,No,T intersection,Other injury accident,60 km/hr,144.60066,-37.66005,MELTON,METROPOLITAN NORTH WEST REGION,2,1,0,0,1,1,0,2,0,0,2,0,0,0,0,0,0,0,1,0,No,0,2,0,2,0,0,Small Provincial Cities
1/12/2010,16.00.00,No,Collision with vehicle,REAR END(VEHICLES IN SAME LANE),No,Day,No,Cross intersection,Other injury accident,60 km/hr,144.81037,-37.81553,BRIMBANK,METROPOLITAN NORTH WEST REGION,2,1,0,0,1,1,0,2,0,0,2,0,0,0,0,0,0,0,0,0,No,0,2,0,2,0,0,Metropolitan Excluding CBD
1/12/2010,22.10.00,Yes,Collision with vehicle,LEFT NEAR (INTERSECTIONS ONLY),No,Dark Street lights on,No,T intersection,Other injury accident,50 km/hr,145.01614,-37.71776,DAREBIN,METROPOLITAN NORTH WEST REGION,3,2,0,0,2,1,3,0,2,0,1,0,0,0,0,0,0,0,0,0,No,0,3,0,1,0,0,Metropolitan Excluding CBD
1/12/2010,08.25.00,No,Collision with vehicle,REVERSING IN STREAM OF TRAFFIC,No,Day,No,T intersection,Other injury accident,Not known,145.16142,-37.71065,NILLUMBIK,METROPOLITAN NORTH WEST REGION,2,1,0,0,1,1,2,0,0,0,2,0,0,0,0,0,0,0,0,0,No,0,2,1,1,0,0,Metropolitan Excluding CBD