ACCIDENT_DATE,ACCIDENT_TIME,ALCOHOLTIME,ACCIDENT_TYPE,DCA_CODE,HIT_RUN_FLAG,LIGHT_CONDITION,POLICE_ATTEND,ROAD_GEOMETRY,SEVERITY,SPEED_ZONE,LONGITUDE,LATITUDE,LGA_NAME,REGION_NAME,TOTAL_PERSONS,INJ_OR_FATAL,FATALITY,SERIOUSINJURY,OTHERINJURY,NONINJURED,MALES,FEMALES,BICYCLIST,PASSENGER,DRIVER,PEDESTRIAN,PILLION,MOTORIST,UNKNOWN,PED_CYCLIST_5_12,PED_CYCLIST_13_18,OLD_PEDESTRIAN,OLD_DRIVER,YOUNG_DRIVER,ALCOHOL_RELATED,UNLICENCSED,NO_OF_VEHICLES,HEAVYVEHICLE,PASSENGERVEHICLE,MOTORCYCLE,PUBLICVEHICLE,DEG_URBAN_NAME
19/12/2010,13.30.00,No,Collision with vehicle,REAR END(VEHICLES IN SAME LANE),No,Day,No,Not at intersection,Other injury accident,70 km/hr,145.16093,-37.9062,MONASH,METROPOLITAN SOUTH EAST REGION,3,2,0,0,2,1,3,0,0,1,2,0,0,0,0,0,0,0,0,1,No,0,2,0,2,0,0,Metropolitan Excluding CBD
19/12/2010,02.30.00,Yes,Collision with a fixed object,RIGHT OFF CARRIAGEWAY INTO OBJECT/PARKED VEHICLE,No,Dark Street lights unknown,No,T intersection,Other injury accident,100 km/hr,145.07769,-38.25727,MORNINGTON PENINSULA,METROPOLITAN SOUTH EAST REGION,1,1,0,0,1,0,1,0,0,0,1,0,0,0,0,0,0,0,0,0,No,0,1,0,1,0,0,Country
20/12/2010,01.49.00,Yes,Collision with a fixed object,LEFT OFF CARRIAGEWAY INTO OBJECT/PARKED VEHICLE,No,Dark Street lights on,Yes,Not at intersection,Serious injury accident,60 km/hr,145.07738,-37.98274,KINGSTON,METROPOLITAN SOUTH EAST REGION,1,1,0,1,0,0,1,0,0,0,1,0,0,0,0,0,0,0,0,1,Yes,0,1,0,1,0,0,Metropolitan Excluding CBD
20/12/2010,06.40.00,No,Collision with a fixed object,OFF LEFT BEND INTO OBJECT/PARKED VEHICLE,No,Day,Yes,Not at intersection,Other injury accident,80 km/hr,145.58443,-37.7756,YARRA RANGES,METROPOLITAN SOUTH EAST REGION,1,1,0,0,1,0,1,0,0,0,1,0,0,0,0,0,0,0,0,0,No,0,1,0,1,0,0,Country
20/12/2010,08.30.00,No,Collision with vehicle,CROSS TRAFFIC(INTERSECTIONS ONLY),No,Day,Yes,Cross intersection,Serious injury accident,60 km/hr,145.04597,-38.24628,MORNINGTON PENINSULA,METROPOLITAN SOUTH EAST REGION,2,1,0,1,0,1,1,1,1,0,1,0,0,0,0,0,0,0,0,0,No,0,2,0,1,0,0,Metropolitan Excluding CBD
20/12/2010,06.50.00,No,Collision with vehicle,REAR END(VEHICLES IN SAME LANE),No,Day,Yes,Not at intersection,Serious injury accident,60 km/hr,144.35482,-38.0836,GEELONG,SOUTH WESTERN REGION,3,2,0,2,0,1,1,2,0,1,2,0,0,0,0,0,0,0,0,0,No,0,2,1,1,0,0,Large Provincial Cities
20/12/2010,11.25.00,No,Collision with a fixed object,RIGHT OFF CARRIAGEWAY INTO OBJECT/PARKED VEHICLE,No,Day,Yes,Multiple intersection,Other injury accident,90 km/hr,145.18996,-38.27209,MORNINGTON PENINSULA,METROPOLITAN SOUTH EAST REGION,1,1,0,0,1,0,1,0,0,0,1,0,0,0,0,0,0,0,0,0,No,0,1,0,1,0,0,Metropolitan Excluding CBD
20/12/2010,05.30.00,Yes,collision with some other object,STRUCK OBJECT ON CARRIAGEWAY,No,Dusk/Dawn,Yes,Not at intersection,Other injury accident,100 km/hr,146.64225,-36.2578,INDIGO,NORTH EASTERN REGION,1,1,0,0,1,0,1,0,0,0,0,0,0,1,0,0,0,0,0,0,No,0,1,0,0,1,0,Country
20/12/2010,12.20.00,No,Collision with vehicle,RIGHT NEAR (INTERSECTIONS ONLY),No,Day,Yes,T intersection,Other injury accident,60 km/hr,145.93459,-38.16009,BAW BAW,EASTERN REGION,2,1,0,0,1,1,1,1,0,0,2,0,0,0,0,0,0,0,0,0,No,0,2,0,2,0,0,Small Provincial Cities
20/12/2010,10.25.00,No,Struck Pedestrian,VEH STRIKES PED ON FOOTPATH/MEDIAN/TRAFFIC ISLAND.,No,Day,Yes,Not at intersection,Serious injury accident,50 km/hr,144.95109,-37.70512,MORELAND,METROPOLITAN NORTH WEST REGION,2,2,0,2,0,0,2,0,0,0,1,1,0,0,0,0,0,1,1,0,No,0,1,0,1,0,0,Metropolitan Excluding CBD
20/12/2010,07.40.00,No,Collision with vehicle,RIGHT NEAR (INTERSECTIONS ONLY),No,Day,Yes,T intersection,Fatal accident,100 km/hr,144.93188,-36.35631,CAMPASPE,NORTHERN REGION,2,1,1,0,0,1,1,1,0,0,2,0,0,0,0,0,0,0,0,1,No,0,2,1,1,0,0,Country
20/12/2010,12.30.00,No,Collision with vehicle,REAR END(VEHICLES IN SAME LANE),No,Day,Yes,Not at intersection,Other injury accident,60 km/hr,145.01128,-37.71717,DAREBIN,METROPOLITAN NORTH WEST REGION,5,1,0,0,1,4,1,4,0,2,3,0,0,0,0,0,0,0,0,0,No,0,3,0,3,0,0,Metropolitan Excluding CBD
20/12/2010,15.00.00,No,No collision and no object struck,OTHER ACCIDENTS-OFF STRAIGHT NOT INCLUDED IN DCAs 170-175,No,Day,No,Not at intersection,Other injury accident,100 km/hr,141.50819,-37.79517,GLENELG,SOUTH WESTERN REGION,1,1,0,0,1,0,1,0,0,0,0,0,0,1,0,0,0,0,0,0,No,0,1,0,0,1,0,Country
20/12/2010,14.45.00,No,Collision with vehicle,RIGHT NEAR (INTERSECTIONS ONLY),No,Day,Yes,Multiple intersection,Serious injury accident,80 km/hr,143.8444,-37.51841,BALLARAT,WESTERN REGION,2,2,0,1,1,0,2,0,0,0,2,0,0,0,0,0,0,0,0,0,No,0,2,1,1,0,0,Country
20/12/2010,14.50.00,No,Collision with vehicle,CROSS TRAFFIC(INTERSECTIONS ONLY),No,Day,Yes,Cross intersection,Other injury accident,60 km/hr,142.16296,-34.18829,MILDURA,WESTERN REGION,2,1,0,0,1,1,2,0,0,0,2,0,0,0,0,0,0,0,0,0,No,0,2,0,2,0,0,Small Provincial Cities
20/12/2010,10.00.00,No,Collision with vehicle,U TURN,No,Day,Yes,Not at intersection,Other injury accident,60 km/hr,145.22469,-37.99638,DANDENONG,METROPOLITAN SOUTH EAST REGION,3,1,0,0,1,2,1,2,0,1,2,0,0,0,0,0,0,0,0,0,No,0,4,2,2,0,0,Metropolitan Excluding CBD
20/12/2010,15.45.00,No,Struck Pedestrian,FAR SIDE. PED HIT BY VEHICLE FROM THE LEFT,No,Day,Yes,T intersection,Serious injury accident,80 km/hr,145.11788,-37.98767,KINGSTON,METROPOLITAN SOUTH EAST REGION,2,1,0,1,0,1,1,1,0,0,1,1,0,0,0,0,0,0,0,0,No,0,1,0,1,0,0,Metropolitan Excluding CBD
20/12/2010,16.12.00,No,Collision with vehicle,RIGHT THROUGH,No,Day,Yes,T intersection,Other injury accident,60 km/hr,144.84932,-37.83134,HOBSONS BAY,METROPOLITAN NORTH WEST REGION,5,2,0,0,2,3,3,2,0,3,2,0,0,0,0,0,0,0,0,1,No,0,2,0,2,0,0,Metropolitan Excluding CBD
20/12/2010,06.30.00,No,No collision and no object struck,OUT OF CONTROL ON CARRIAGEWAY (ON STRAIGHT),No,Dusk/Dawn,No,T intersection,Other injury accident,50 km/hr,145.11578,-38.18348,FRANKSTON,METROPOLITAN SOUTH EAST REGION,2,1,0,0,1,1,1,0,0,0,1,0,0,1,0,0,0,0,0,0,No,0,2,0,1,1,0,Metropolitan Excluding CBD
20/12/2010,16.45.00,No,Collision with vehicle,CROSS TRAFFIC(INTERSECTIONS ONLY),No,Day,Yes,Cross intersection,Fatal accident,100 km/hr,143.96797,-37.52267,MOORABOOL,WESTERN REGION,3,2,1,1,0,1,2,1,0,1,2,0,0,0,0,0,0,0,1,0,No,0,2,0,2,0,0,Country
20/12/2010,15.15.00,No,Collision with vehicle,HEAD ON (NOT OVERTAKING),No,Day,Yes,Not at intersection,Other injury accident,50 km/hr,145.318,-37.86024,KNOX,METROPOLITAN SOUTH EAST REGION,2,2,0,0,2,0,0,2,0,0,2,0,0,0,0,0,0,0,0,0,No,0,2,0,2,0,0,Metropolitan Excluding CBD
20/12/2010,18.00.00,Yes,Collision with a fixed object,RIGHT OFF CARRIAGEWAY INTO OBJECT/PARKED VEHICLE,No,Day,Yes,T intersection,Serious injury accident,80 km/hr,145.40625,-37.811,YARRA RANGES,METROPOLITAN SOUTH EAST REGION,1,1,0,1,0,0,1,0,0,0,1,0,0,0,0,0,0,0,0,0,No,0,1,0,1,0,0,Country
20/12/2010,16.55.00,No,Collision with a fixed object,OFF RIGHT BEND INTO OBJECT/PARKED VEHICLE,No,Day,Yes,Not at intersection,Serious injury accident,100 km/hr,143.72515,-37.68521,GOLDEN PLAINS,SOUTH WESTERN REGION,5,5,0,1,4,0,1,4,0,4,1,0,0,0,0,0,0,0,0,0,No,0,1,0,1,0,0,Country
20/12/2010,19.30.00,Yes,Collision with a fixed object,RIGHT OFF CARRIAGEWAY INTO OBJECT/PARKED VEHICLE,No,Day,Yes,Not at intersection,Other injury accident,60 km/hr,144.96883,-37.78966,MELBOURNE,METROPOLITAN NORTH WEST REGION,2,1,0,0,1,1,1,0,0,0,2,0,0,0,0,0,0,0,0,0,No,0,2,0,2,0,0,Metropolitan Excluding CBD
20/12/2010,12.15.00,No,Collision with vehicle,REAR END(VEHICLES IN SAME LANE),No,Day,No,Cross intersection,Other injury accident,40 km/hr,144.97359,-37.86201,PORT PHILLIP,METROPOLITAN NORTH WEST REGION,2,1,0,0,1,1,1,1,0,0,2,0,0,0,0,0,0,0,0,0,No,0,2,0,2,0,0,Metropolitan Excluding CBD
20/12/2010,16.30.00,No,Collision with vehicle,REAR END(VEHICLES IN SAME LANE),No,Dusk/Dawn,No,T intersection,Other injury accident,Not known,145.02211,-37.7454,DAREBIN,METROPOLITAN NORTH WEST REGION,3,1,0,0,1,2,1,2,0,0,3,0,0,0,0,0,0,0,0,2,No,0,3,0,3,0,0,Metropolitan Excluding CBD
20/12/2010,21.30.00,Yes,Collision with a fixed object,OFF RIGHT BEND INTO OBJECT/PARKED VEHICLE,No,Dark No street lights,Yes,Not at intersection,Other injury accident,100 km/hr,145.8441,-38.4499,SOUTH GIPPSLAND,EASTERN REGION,1,1,0,0,1,0,1,0,0,0,1,0,0,0,0,0,0,0,0,1,No,0,1,0,1,0,0,Country
20/12/2010,18.00.00,Yes,Struck Pedestrian,PED WALKING WITH TRAFFIC,No,Day,Yes,Not at intersection,Other injury accident,50 km/hr,145.25181,-37.79286,MAROONDAH,METROPOLITAN SOUTH EAST REGION,2,1,0,0,1,1,0,2,0,0,1,1,0,0,0,0,1,0,0,0,No,0,1,0,1,0,0,Metropolitan Excluding CBD
20/12/2010,22.20.00,Yes,Collision with a fixed object,OFF RIGHT BEND INTO OBJECT/PARKED VEHICLE,No,Dark No street lights,Yes,Not at intersection,Other injury accident,100 km/hr,147.59959,-37.94989,EAST GIPPSLAND,EASTERN REGION,1,1,0,0,1,0,1,0,0,0,1,0,0,0,0,0,0,0,0,0,Yes,0,1,0,1,0,0,Country
20/12/2010,22.30.00,Yes,Collision with vehicle,REAR END(VEHICLES IN SAME LANE),No,Dark Street lights on,Yes,T intersection,Other injury accident,80 km/hr,145.14979,-37.96453,DANDENONG,METROPOLITAN SOUTH EAST REGION,6,1,0,0,1,5,5,1,0,3,3,0,0,0,0,0,0,0,0,2,No,0,3,0,3,0,0,Metropolitan Excluding CBD
20/12/2010,21.00.00,Yes,Collision with a fixed object,LEFT OFF CARRIAGEWAY INTO OBJECT/PARKED VEHICLE,No,Dark Street lights on,Yes,Cross intersection,Serious injury accident,50 km/hr,144.91827,-37.58565,HUME,METROPOLITAN NORTH WEST REGION,1,1,0,1,0,0,1,0,0,0,1,0,0,0,0,0,0,0,0,0,No,0,1,0,1,0,0,Metropolitan Excluding CBD
20/12/2010,21.40.00,Yes,Collision with vehicle,RIGHT THROUGH,No,Dark Street lights on,Yes,Not at intersection,Other injury accident,60 km/hr,144.33602,-38.08758,GEELONG,SOUTH WESTERN REGION,2,1,0,0,1,1,1,1,0,0,2,0,0,0,0,0,0,0,1,1,No,0,2,0,2,0,0,Large Provincial Cities
20/12/2010,11.30.00,No,No collision and no object struck,OUT OF CONTROL ON CARRIAGEWAY (ON STRAIGHT),No,Day,No,Not at intersection,Other injury accident,60 km/hr,144.75883,-37.87418,HOBSONS BAY,METROPOLITAN NORTH WEST REGION,1,1,0,0,1,0,1,0,0,0,1,0,0,0,0,0,0,0,0,0,No,0,1,1,0,0,0,Metropolitan Excluding CBD
20/12/2010,17.10.00,No,Collision with vehicle,REAR END(VEHICLES IN SAME LANE),No,Day,Yes,Not at intersection,Other injury accident,60 km/hr,143.8433,-37.56041,BALLARAT,WESTERN REGION,2,1,0,0,1,1,1,1,0,0,2,0,0,0,0,0,0,0,0,1,No,0,2,0,2,0,0,Large Provincial Cities
20/12/2010,21.00.00,Yes,Collision with vehicle,LANE CHANGE RIGHT (NOT OVERTAKING),Not known,Dark Street lights unknown,No,T intersection,Serious injury accident,50 km/hr,144.98455,-37.79736,YARRA,METROPOLITAN NORTH WEST REGION,2,1,0,1,0,1,1,0,1,0,1,0,0,0,0,0,0,0,0,0,No,0,2,0,1,0,0,Metropolitan Excluding CBD
20/12/2010,17.30.00,No,Collision with vehicle,RIGHT NEAR (INTERSECTIONS ONLY),No,Day,No,T intersection,Other injury accident,60 km/hr,145.26962,-37.78304,MAROONDAH,METROPOLITAN SOUTH EAST REGION,2,1,0,0,1,1,0,2,0,0,2,0,0,0,0,0,0,0,0,1,No,0,2,0,2,0,0,Metropolitan Excluding CBD
20/12/2010,13.00.00,No,Collision with vehicle,U TURN,No,Day,No,T intersection,Other injury accident,60 km/hr,144.97736,-37.81551,MELBOURNE,METROPOLITAN NORTH WEST REGION,2,1,0,0,1,1,0,1,0,0,2,0,0,0,0,0,0,0,0,1,No,0,2,0,1,0,1,Metropolitan Excluding CBD
21/12/2010,01.10.00,Yes,Struck Pedestrian,PED WALKING WITH TRAFFIC,No,Dark Street lights on,Yes,Not at intersection,Other injury accident,40 km/hr,144.85145,-37.67275,HUME,METROPOLITAN NORTH WEST REGION,4,1,0,0,1,3,3,1,0,2,1,1,0,0,0,0,0,0,0,0,No,0,1,0,0,0,1,Metropolitan Excluding CBD
21/12/2010,02.30.00,Yes,Struck animal,STRUCK ANIMAL,No,Dark No street lights,No,Not at intersection,Other injury accident,100 km/hr,143.93714,-35.78159,GANNAWARRA,NORTHERN REGION,2,1,0,0,1,1,1,1,0,1,1,0,0,0,0,0,0,0,0,0,No,0,1,0,1,0,0,Country
21/12/2010,07.20.00,No,Collision with vehicle,REAR END(VEHICLES IN SAME LANE),No,Day,Yes,T intersection,Serious injury accident,60 km/hr,145.1241,-38.16654,FRANKSTON,METROPOLITAN SOUTH EAST REGION,3,1,0,1,0,2,3,0,1,1,1,0,0,0,0,0,0,0,0,0,No,0,2,1,0,0,0,Metropolitan Excluding CBD
21/12/2010,07.55.00,No,Collision with vehicle,CROSS TRAFFIC(INTERSECTIONS ONLY),No,Day,Yes,Cross intersection,Other injury accident,60 km/hr,141.60403,-38.34006,GLENELG,SOUTH WESTERN REGION,2,1,0,0,1,1,1,1,0,0,2,0,0,0,0,0,0,0,0,1,No,0,2,0,2,0,0,Other Towns
21/12/2010,09.25.00,No,Collision with vehicle,RIGHT NEAR (INTERSECTIONS ONLY),No,Day,Yes,Cross intersection,Other injury accident,60 km/hr,144.99881,-37.87276,GLEN EIRA,METROPOLITAN SOUTH EAST REGION,2,1,0,0,1,1,1,1,1,0,1,0,0,0,0,0,0,0,0,1,No,0,2,0,1,0,0,Metropolitan Excluding CBD
21/12/2010,10.52.00,No,Collision with vehicle,REAR END(VEHICLES IN SAME LANE),No,Day,Yes,Not at intersection,Other injury accident,80 km/hr,145.22602,-37.95669,DANDENONG,METROPOLITAN SOUTH EAST REGION,5,1,0,0,1,4,2,2,0,1,4,0,0,0,0,0,0,0,0,1,No,0,4,0,4,0,0,Metropolitan Excluding CBD
21/12/2010,08.55.00,No,Collision with a fixed object,OFF RIGHT BEND INTO OBJECT/PARKED VEHICLE,No,Day,Yes,Not at intersection,Other injury accident,100 km/hr,145.71877,-38.51144,SOUTH GIPPSLAND,EASTERN REGION,3,3,0,0,3,0,3,0,0,2,1,0,0,0,0,0,0,0,0,1,No,0,1,0,1,0,0,Country
21/12/2010,10.15.00,No,Collision with vehicle,VEHICLE COLLIDES WITH VEHICLE PARKED ON LEFT OF ROAD,No,Day,Yes,Not at intersection,Other injury accident,60 km/hr,144.98719,-37.91626,BAYSIDE,METROPOLITAN SOUTH EAST REGION,1,1,0,0,1,0,1,0,1,0,0,0,0,0,0,0,1,0,0,0,No,0,2,0,1,0,0,Metropolitan Excluding CBD
21/12/2010,10.40.00,No,Collision with vehicle,REAR END(VEHICLES IN SAME LANE),No,Day,Yes,Not at intersection,Other injury accident,50 km/hr,143.83072,-37.54009,BALLARAT,WESTERN REGION,2,1,0,0,1,1,2,0,0,0,2,0,0,0,0,0,0,0,0,1,No,0,2,0,2,0,0,Large Provincial Cities
21/12/2010,10.00.00,No,Struck Pedestrian,VEH STRIKES PED ON FOOTPATH/MEDIAN/TRAFFIC ISLAND.,Yes,Day,No,Cross intersection,Serious injury accident,60 km/hr,145.21461,-37.99012,DANDENONG,METROPOLITAN SOUTH EAST REGION,2,1,0,1,0,1,0,1,0,0,1,1,0,0,0,0,0,1,0,0,No,0,1,0,1,0,0,Metropolitan Excluding CBD
21/12/2010,11.18.00,No,Collision with vehicle,RIGHT THROUGH,No,Day,Yes,Multiple intersection,Other injury accident,60 km/hr,145.06813,-37.68622,NILLUMBIK,METROPOLITAN NORTH WEST REGION,5,2,0,0,2,3,2,3,0,3,2,0,0,0,0,0,0,0,0,0,No,0,2,0,2,0,0,Metropolitan Excluding CBD
21/12/2010,09.50.00,No,Collision with vehicle,REAR END(VEHICLES IN SAME LANE),No,Day,No,T intersection,Other injury accident,60 km/hr,145.09152,-37.84996,BOROONDARA,METROPOLITAN SOUTH EAST REGION,4,2,0,0,2,2,1,2,0,2,2,0,0,0,0,0,0,0,0,0,No,0,2,0,2,0,0,Metropolitan Excluding CBD
21/12/2010,12.17.00,No,Collision with a fixed object,OTHER ACCIDENTS ON CURVE NOT INCLUDED IN DCAs 180-184,No,Day,Yes,Not at intersection,Other injury accident,100 km/hr,146.36772,-36.35648,WANGARATTA,NORTH EASTERN REGION,5,1,0,0,1,4,1,4,0,4,1,0,0,0,0,0,0,0,0,1,No,0,1,0,1,0,0,Country
21/12/2010,13.20.00,No,Collision with vehicle,REAR END(VEHICLES IN SAME LANE),No,Day,Yes,Not at intersection,Other injury accident,80 km/hr,145.13701,-38.16456,FRANKSTON,METROPOLITAN SOUTH EAST REGION,4,2,0,0,2,2,1,3,0,2,2,0,0,0,0,0,0,0,0,2,No,0,2,0,2,0,0,Metropolitan Excluding CBD
21/12/2010,14.40.00,No,Collision with vehicle,RIGHT REAR.,Yes,Day,Yes,Cross intersection,Other injury accident,60 km/hr,144.97637,-37.7526,MORELAND,METROPOLITAN NORTH WEST REGION,3,2,0,0,2,1,0,2,0,0,3,0,0,0,0,0,0,0,0,0,No,0,3,0,3,0,0,Metropolitan Excluding CBD
21/12/2010,07.25.00,No,Collision with vehicle,REAR END(VEHICLES IN SAME LANE),No,Day,Yes,Not at intersection,Other injury accident,70 km/hr,145.11741,-37.75769,MANNINGHAM,METROPOLITAN SOUTH EAST REGION,4,1,0,0,1,3,3,1,0,0,4,0,0,0,0,0,0,0,0,2,No,0,4,0,4,0,0,Metropolitan Excluding CBD
21/12/2010,14.30.00,No,Collision with vehicle,REAR END(VEHICLES IN SAME LANE),No,Day,Yes,Not at intersection,Serious injury accident,60 km/hr,143.8483,-37.57183,BALLARAT,WESTERN REGION,6,2,0,1,1,4,4,2,0,0,6,0,0,0,0,0,0,0,0,1,No,0,6,2,4,0,0,Large Provincial Cities
21/12/2010,12.35.00,No,Collision with vehicle,REAR END(VEHICLES IN SAME LANE),No,Day,Yes,T intersection,Other injury accident,60 km/hr,145.41125,-36.37846,SHEPPARTON,NORTH EASTERN REGION,7,4,0,0,4,3,2,5,0,4,3,0,0,0,0,0,0,0,0,0,No,0,3,0,3,0,0,Small Provincial Cities
21/12/2010,15.45.00,No,Collision with vehicle,VEHICLE COLLIDES WITH VEHICLE PARKED ON LEFT OF ROAD,No,Day,Yes,Not at intersection,Other injury accident,50 km/hr,144.9941,-37.84702,STONNINGTON,METROPOLITAN SOUTH EAST REGION,4,1,0,0,1,3,3,0,0,1,3,0,0,0,0,0,0,0,0,0,No,0,4,0,3,0,1,Metropolitan Excluding CBD
21/12/2010,16.05.00,No,Collision with vehicle,REAR END(VEHICLES IN SAME LANE),No,Day,Yes,Cross intersection,Other injury accident,70 km/hr,145.4547,-37.77975,YARRA RANGES,METROPOLITAN SOUTH EAST REGION,2,2,0,0,2,0,1,1,0,0,2,0,0,0,0,0,0,0,0,0,No,0,2,0,2,0,0,Country
21/12/2010,15.00.00,No,Collision with vehicle,CROSS TRAFFIC(INTERSECTIONS ONLY),No,Day,Yes,Cross intersection,Serious injury accident,50 km/hr,144.331,-38.13459,GEELONG,SOUTH WESTERN REGION,4,3,0,3,0,1,2,1,0,1,3,0,0,0,0,0,0,0,0,0,Yes,1,3,0,3,0,0,Large Provincial Cities
21/12/2010,16.15.00,No,Collision with vehicle,REAR END(VEHICLES IN SAME LANE),No,Day,No,Cross intersection,Other injury accident,50 km/hr,144.95406,-37.80355,MELBOURNE,METROPOLITAN NORTH WEST REGION,2,2,0,0,2,0,1,1,1,0,1,0,0,0,0,0,0,0,0,0,No,0,2,0,1,0,0,Metropolitan Excluding CBD
21/12/2010,16.55.00,No,Collision with vehicle,RIGHT THROUGH,No,Day,Yes,Cross intersection,Other injury accident,60 km/hr,145.26716,-38.03568,CASEY,METROPOLITAN SOUTH EAST REGION,2,1,0,0,1,1,1,1,0,0,2,0,0,0,0,0,0,0,0,0,No,0,2,0,2,0,0,Metropolitan Excluding CBD
21/12/2010,08.37.00,No,Struck animal,STRUCK ANIMAL,No,Day,No,Not at intersection,Other injury accident,100 km/hr,145.19641,-36.67298,SHEPPARTON,NORTH EASTERN REGION,4,1,0,0,1,3,1,2,0,3,1,0,0,0,0,0,0,0,0,1,No,0,1,0,1,0,0,Country
21/12/2010,11.08.00,No,Collision with vehicle,RIGHT REAR.,No,Day,Yes,Cross intersection,Other injury accident,60 km/hr,144.99942,-37.73996,DAREBIN,METROPOLITAN NORTH WEST REGION,2,1,0,0,1,1,2,0,0,0,2,0,0,0,0,0,0,0,0,1,No,0,2,0,1,0,0,Metropolitan Excluding CBD
21/12/2010,18.55.00,Yes,Collision with vehicle,REAR END(VEHICLES IN SAME LANE),No,Day,Yes,Not at intersection,Other injury accident,60 km/hr,145.09005,-37.88363,MONASH,METROPOLITAN SOUTH EAST REGION,3,1,0,0,1,2,1,2,0,0,3,0,0,0,0,0,0,0,0,1,No,0,3,0,3,0,0,Metropolitan Excluding CBD
21/12/2010,20.30.00,Yes,No collision and no object struck,OUT OF CONTROL ON CARRIAGEWAY (ON STRAIGHT),No,Day,Yes,T intersection,Serious injury accident,50 km/hr,144.75733,-37.76351,BRIMBANK,METROPOLITAN NORTH WEST REGION,1,1,0,1,0,0,1,0,0,0,0,0,0,1,0,0,0,0,0,0,No,0,1,0,0,1,0,Metropolitan Excluding CBD
21/12/2010,17.27.00,No,Collision with vehicle,LEFT REAR,No,Day,Yes,Multiple intersection,Other injury accident,100 km/hr,144.93946,-37.78205,MELBOURNE,METROPOLITAN NORTH WEST REGION,3,1,0,0,1,2,2,1,0,1,2,0,0,0,0,0,0,0,0,0,No,0,2,0,2,0,0,Metropolitan Excluding CBD
21/12/2010,21.20.00,Yes,Collision with a fixed object,OFF LEFT BEND INTO OBJECT/PARKED VEHICLE,No,Dark No street lights,Yes,Not at intersection,Serious injury accident,80 km/hr,143.3359,-36.58834,NORTHERN GRAMPIANS,WESTERN REGION,3,1,0,1,0,2,1,2,0,2,1,0,0,0,0,0,0,0,0,1,No,0,1,0,1,0,0,Country
21/12/2010,13.50.00,No,Struck Pedestrian,PED NEAR SIDE. PED HIT BY VEHICLE FROM THE RIGHT.,No,Day,Yes,T intersection,Other injury accident,60 km/hr,145.27405,-37.78357,MAROONDAH,METROPOLITAN SOUTH EAST REGION,2,1,0,0,1,1,0,2,0,0,1,1,0,0,0,0,1,0,0,0,No,0,1,0,1,0,0,Metropolitan Excluding CBD
21/12/2010,15.55.00,No,Collision with vehicle,PULLING OUT (OVERTAKING),No,Day,Yes,Cross intersection,Other injury accident,100 km/hr,143.3063,-35.42633,SWAN HILL,NORTHERN REGION,2,1,0,0,1,1,2,0,0,0,2,0,0,0,0,0,0,0,0,1,No,0,2,1,1,0,0,Country
21/12/2010,10.30.00,No,No collision and no object struck,OUT OF CONTROL ON CARRIAGEWAY (ON STRAIGHT),No,Day,No,T intersection,Other injury accident,60 km/hr,145.02401,-37.88716,GLEN EIRA,METROPOLITAN SOUTH EAST REGION,1,1,0,0,1,0,0,1,1,0,0,0,0,0,0,0,0,0,0,0,No,0,2,0,1,0,0,Metropolitan Excluding CBD
21/12/2010,16.30.00,No,Collision with vehicle,REAR END(VEHICLES IN SAME LANE),No,Day,No,Cross intersection,Other injury accident,70 km/hr,144.7253,-37.87191,WYNDHAM,METROPOLITAN NORTH WEST REGION,2,1,0,0,1,1,1,1,0,0,2,0,0,0,0,0,0,0,0,1,No,0,2,0,2,0,0,Metropolitan Excluding CBD
21/12/2010,09.30.00,No,Collision with vehicle,VEHICLE STRIKES ANOTHER VEH WHILE EMERGING FROM DRIVEWAY,Yes,Day,No,Not at intersection,Serious injury accident,50 km/hr,144.94521,-37.81545,MELBOURNE,METROPOLITAN NORTH WEST REGION,2,1,0,1,0,1,1,0,1,0,1,0,0,0,0,0,0,0,0,0,No,0,2,0,1,0,0,Metropolitan Excluding CBD
22/12/2010,00.25.00,Yes,Collision with vehicle,LANE SIDE SWIPE (VEHICLES IN PARALLEL LANES),No,Dark Street lights on,Yes,Not at intersection,Serious injury accident,100 km/hr,144.91485,-37.73248,MOONEE VALLEY,METROPOLITAN NORTH WEST REGION,6,4,0,4,0,2,5,1,0,2,3,0,0,1,0,0,0,0,0,1,Yes,0,4,0,3,1,0,Metropolitan Excluding CBD
22/12/2010,06.23.00,No,No collision and no object struck,OUT OF CONTROL ON CARRIAGEWAY (ON STRAIGHT),No,Day,Yes,Not at intersection,Serious injury accident,60 km/hr,145.01205,-37.96883,BAYSIDE,METROPOLITAN SOUTH EAST REGION,1,1,0,1,0,0,1,0,1,0,0,0,0,0,0,0,0,0,0,0,No,0,1,0,0,0,0,Metropolitan Excluding CBD
22/12/2010,09.00.00,No,Struck Pedestrian,ANY MANOEUVRE INVOLVING PED NOT INCLUDED IN DCAs 100-108.,No,Day,Yes,Not at intersection,Serious injury accident,50 km/hr,146.9785,-37.96825,WELLINGTON,EASTERN REGION,2,1,0,1,0,1,2,0,0,0,1,1,0,0,0,0,0,1,0,0,No,0,1,0,1,0,0,Other Towns